ship_name,ship_id,cruise_line,title,start_date,day,date,port_name,port_id,port_key,arrival,departure,is_sea_day,is_embark,is_debark,is_overnight,source_url
50 Let Pobedy icebreaker,1287,Icebreakers,,1989-10-04,1,1989-07-22,"Helsinki, Finland",49,finland-helsinki,,,False,True,False,False,https://www.cruisemapper.com/ships/50-Let-Pobedy-icebreaker-1287
50 Let Pobedy icebreaker,1287,Icebreakers,,1989-10-04,2,1989-07-22,"Murmansk, Arctic Russia",210,arctic-murmansk-russia,,,False,True,False,False,https://www.cruisemapper.com/ships/50-Let-Pobedy-icebreaker-1287
50 Let Pobedy icebreaker,1287,Icebreakers,,1989-10-04,3,1989-07-23,Barents Sea,,barents-sea,,,False,False,False,False,https://www.cruisemapper.com/ships/50-Let-Pobedy-icebreaker-1287
50 Let Pobedy icebreaker,1287,Icebreakers,,1989-10-04,4,1989-07-25,Pack Ice Cruising,,cruising-ice-pack,,,False,False,False,True,https://www.cruisemapper.com/ships/50-Let-Pobedy-icebreaker-1287
50 Let Pobedy icebreaker,1287,Icebreakers,,1989-10-04,5,1989-07-26,Pack Ice Cruising,,cruising-ice-pack,,,False,False,False,True,https://www.cruisemapper.com/ships/50-Let-Pobedy-icebreaker-1287
50 Let Pobedy icebreaker,1287,Icebreakers,,1989-10-04,6,1989-07-27,North Pole,,north-pole,,,False,False,False,False,https://www.cruisemapper.com/ships/50-Let-Pobedy-icebreaker-1287
50 Let Pobedy icebreaker,1287,Icebreakers,,1989-10-04,7,1989-07-28,Pack Ice Cruising,,cruising-ice-pack,,,False,False,False,False,https://www.cruisemapper.com/ships/50-Let-Pobedy-icebreaker-1287
50 Let Pobedy icebreaker,1287,Icebreakers,,1989-10-04,8,1989-07-29,Franz Josef Land (exploring),4396,exploring-franz-josef-land,,,False,False,False,True,https://www.cruisemapper.com/ships/50-Let-Pobedy-icebreaker-1287
50 Let Pobedy icebreaker,1287,Icebreakers,,1989-10-04,9,1989-07-30,Franz Josef Land (exploring),4396,exploring-franz-josef-land,,,False,False,False,True,https://www.cruisemapper.com/ships/50-Let-Pobedy-icebreaker-1287
50 Let Pobedy icebreaker,1287,Icebreakers,,1989-10-04,10,1989-07-31,Pack Ice Cruising,,cruising-ice-pack,,,False,False,False,False,https://www.cruisemapper.com/ships/50-Let-Pobedy-icebreaker-1287
50 Let Pobedy icebreaker,1287,Icebreakers,,1989-10-04,11,1989-08-01,Barents Sea,,barents-sea,,,False,False,False,False,https://www.cruisemapper.com/ships/50-Let-Pobedy-icebreaker-1287
50 Let Pobedy icebreaker,1287,Icebreakers,,1989-10-04,12,1989-08-02,Murmansk,,murmansk,,,False,False,False,False,https://www.cruisemapper.com/ships/50-Let-Pobedy-icebreaker-1287
50 Let Pobedy icebreaker,1287,Icebreakers,,1989-10-04,13,1989-08-02,Helsinki,,helsinki,,,False,False,True,False,https://www.cruisemapper.com/ships/50-Let-Pobedy-icebreaker-1287
ACL American Anthem,2233,American Cruise Lines,,2027-04-17,1,2027-04-17,"Portland OR, Oregon",4662,or-oregon-portland,,,False,True,False,False,https://www.cruisemapper.com/ships/ACL-American-Anthem-2233
ACL American Anthem,2233,American Cruise Lines,,2027-04-17,2,2027-04-17,"Stevenson WA, Washington",9491,stevenson-wa-washington,,,False,False,False,False,https://www.cruisemapper.com/ships/ACL-American-Anthem-2233
ACL American Anthem,2233,American Cruise Lines,,2027-04-17,3,2027-04-17,"Camas-Washougal WA, Washington",18468,camas-wa-washington-washougal,,,False,False,False,False,https://www.cruisemapper.com/ships/ACL-American-Anthem-2233
ACL American Anthem,2233,American Cruise Lines,,2027-04-17,4,2027-04-18,"Astoria OR, Oregon",414,astoria-or-oregon,,,False,False,False,False,https://www.cruisemapper.com/ships/ACL-American-Anthem-2233
ACL American Anthem,2233,American Cruise Lines,,2027-04-17,5,2027-04-19,"Kalama WA, Washington",16277,kalama-wa-washington,,,False,False,False,False,https://www.cruisemapper.com/ships/ACL-American-Anthem-2233
ACL American Anthem,2233,American Cruise Lines,,2027-04-17,6,2027-04-20,"The Dalles OR, Oregon",2787,dalles-or-oregon,,,False,False,False,False,https://www.cruisemapper.com/ships/ACL-American-Anthem-2233
ACL American Anthem,2233,American Cruise Lines,,2027-04-17,7,2027-04-21,"Columbia River Gorge, Washington-Oregon USA",,columbia-gorge-oregon-river-usa-washington,,,False,False,False,False,https://www.cruisemapper.com/ships/ACL-American-Anthem-2233
ACL American Anthem,2233,American Cruise Lines,,2027-04-17,8,2027-04-22,"Richland WA, Washington",11998,richland-wa-washington,,,False,False,False,False,https://www.cruisemapper.com/ships/ACL-American-Anthem-2233
ACL American Anthem,2233,American Cruise Lines,,2027-04-17,9,2027-04-23,"Clarkston WA, Washington, Lewiston Idaho",2281,clarkston-idaho-lewiston-wa-washington,,,False,False,True,False,https://www.cruisemapper.com/ships/ACL-American-Anthem-2233
ACL American Constellation,1332,American Cruise Lines,,2026-07-22,1,2026-07-23,"Anchorage AK, Alaska, Denali NP",507,ak-alaska-anchorage-denali-np,,,False,True,False,False,https://www.cruisemapper.com/ships/ACL-American-Constellation-1332
ACL American Constellation,1332,American Cruise Lines,,2026-07-22,2,2026-07-26,"Seward, Alaska",1,alaska-seward,,,False,False,False,False,https://www.cruisemapper.com/ships/ACL-American-Constellation-1332
ACL American Constellation,1332,American Cruise Lines,,2026-07-22,3,2026-07-26,Kenai Fjords Alaska,,alaska-fjords-kenai,,,False,False,False,False,https://www.cruisemapper.com/ships/ACL-American-Constellation-1332
ACL American Constellation,1332,American Cruise Lines,,2026-07-22,4,2026-07-26,"Seward, Alaska",1,alaska-seward,,,False,False,False,False,https://www.cruisemapper.com/ships/ACL-American-Constellation-1332
ACL American Constellation,1332,American Cruise Lines,,2026-07-22,5,2026-07-27,"Anchorage AK, Alaska, Denali NP",507,ak-alaska-anchorage-denali-np,,,False,False,False,False,https://www.cruisemapper.com/ships/ACL-American-Constellation-1332
ACL American Constellation,1332,American Cruise Lines,,2026-07-22,6,2026-07-28,flight,,flight,,,False,False,False,False,https://www.cruisemapper.com/ships/ACL-American-Constellation-1332
ACL American Constellation,1332,American Cruise Lines,,2026-07-22,7,2026-07-28,"Juneau, Alaska",407,alaska-juneau,,,False,False,False,False,https://www.cruisemapper.com/ships/ACL-American-Constellation-1332
ACL American Constellation,1332,American Cruise Lines,,2026-07-22,8,2026-07-30,"Haines, Alaska",756,alaska-haines,,,False,False,False,False,https://www.cruisemapper.com/ships/ACL-American-Constellation-1332
ACL American Constellation,1332,American Cruise Lines,,2026-07-22,9,2026-07-31,"Inside Passage, Alaska-Canada",5468,alaska-canada-inside-passage,,,False,False,False,False,https://www.cruisemapper.com/ships/ACL-American-Constellation-1332
ACL American Constellation,1332,American Cruise Lines,,2026-07-22,10,2026-08-01,"Glacier Bay, Alaska",494,alaska-bay-glacier,,,False,False,False,False,https://www.cruisemapper.com/ships/ACL-American-Constellation-1332
ACL American Constellation,1332,American Cruise Lines,,2026-07-22,11,2026-08-02,"Sitka, Baranof Island Alaska",126,alaska-baranof-sitka,,,False,False,False,False,https://www.cruisemapper.com/ships/ACL-American-Constellation-1332
ACL American Constellation,1332,American Cruise Lines,,2026-07-22,12,2026-08-03,"Inside Passage, Alaska-Canada",5468,alaska-canada-inside-passage,,,False,False,False,False,https://www.cruisemapper.com/ships/ACL-American-Constellation-1332
ACL American Constellation,1332,American Cruise Lines,,2026-07-22,13,2026-08-03,Frederick Sound Alaska,,alaska-frederick-sound,,,False,False,False,False,https://www.cruisemapper.com/ships/ACL-American-Constellation-1332
ACL American Constellation,1332,American Cruise Lines,,2026-07-22,14,2026-08-04,"Petersburg AK, Mitkof Island Alaska",5356,ak-alaska-mitkof-petersburg,,,False,False,False,False,https://www.cruisemapper.com/ships/ACL-American-Constellation-1332
ACL American Constellation,1332,American Cruise Lines,,2026-07-22,15,2026-08-05,Wrangell Narrows Alaska,,alaska-narrows-wrangell,,,False,False,False,False,https://www.cruisemapper.com/ships/ACL-American-Constellation-1332
ACL American Constellation,1332,American Cruise Lines,,2026-07-22,16,2026-08-06,"Wrangell AK, Alaska, Wrangell Island",412,ak-alaska-wrangell,,,False,False,False,False,https://www.cruisemapper.com/ships/ACL-American-Constellation-1332
ACL American Constellation,1332,American Cruise Lines,,2026-07-22,17,2026-08-07,"Endicott Arm Fjord, Alaska",1705,alaska-arm-endicott-fjord,,,False,False,False,False,https://www.cruisemapper.com/ships/ACL-American-Constellation-1332
ACL American Constellation,1332,American Cruise Lines,,2026-07-22,18,2026-08-08,"Juneau, Alaska",407,alaska-juneau,,,False,False,True,False,https://www.cruisemapper.com/ships/ACL-American-Constellation-1332
ACL American Constitution,1830,American Cruise Lines,,2026-07-13,1,2026-07-14,"Anchorage AK, Alaska, Denali NP",507,ak-alaska-anchorage-denali-np,,,False,True,False,False,https://www.cruisemapper.com/ships/ACL-American-Constitution-1830
ACL American Constitution,1830,American Cruise Lines,,2026-07-13,2,2026-07-17,"Seward, Alaska",1,alaska-seward,,,False,False,False,False,https://www.cruisemapper.com/ships/ACL-American-Constitution-1830
ACL American Constitution,1830,American Cruise Lines,,2026-07-13,3,2026-07-17,Kenai Fjords Alaska,,alaska-fjords-kenai,,,False,False,False,False,https://www.cruisemapper.com/ships/ACL-American-Constitution-1830
ACL American Constitution,1830,American Cruise Lines,,2026-07-13,4,2026-07-17,"Seward, Alaska",1,alaska-seward,,,False,False,False,False,https://www.cruisemapper.com/ships/ACL-American-Constitution-1830
ACL American Constitution,1830,American Cruise Lines,,2026-07-13,5,2026-07-18,"Anchorage AK, Alaska, Denali NP",507,ak-alaska-anchorage-denali-np,,,False,False,False,False,https://www.cruisemapper.com/ships/ACL-American-Constitution-1830
ACL American Constitution,1830,American Cruise Lines,,2026-07-13,6,2026-07-19,flight,,flight,,,False,False,False,False,https://www.cruisemapper.com/ships/ACL-American-Constitution-1830
ACL American Constitution,1830,American Cruise Lines,,2026-07-13,7,2026-07-19,"Juneau, Alaska",407,alaska-juneau,,,False,False,False,False,https://www.cruisemapper.com/ships/ACL-American-Constitution-1830
ACL American Constitution,1830,American Cruise Lines,,2026-07-13,8,2026-07-21,"Haines, Alaska",756,alaska-haines,,,False,False,False,False,https://www.cruisemapper.com/ships/ACL-American-Constitution-1830
ACL American Constitution,1830,American Cruise Lines,,2026-07-13,9,2026-07-22,"Glacier Bay, Alaska",494,alaska-bay-glacier,,,False,False,False,False,https://www.cruisemapper.com/ships/ACL-American-Constitution-1830
ACL American Constitution,1830,American Cruise Lines,,2026-07-13,10,2026-07-23,"Petersburg AK, Mitkof Island Alaska",5356,ak-alaska-mitkof-petersburg,,,False,False,False,False,https://www.cruisemapper.com/ships/ACL-American-Constitution-1830
ACL American Constitution,1830,American Cruise Lines,,2026-07-13,11,2026-07-24,Wrangell Narrows Alaska,,alaska-narrows-wrangell,,,False,False,False,False,https://www.cruisemapper.com/ships/ACL-American-Constitution-1830
ACL American Constitution,1830,American Cruise Lines,,2026-07-13,12,2026-07-25,"Wrangell AK, Alaska, Wrangell Island",412,ak-alaska-wrangell,,,False,False,False,False,https://www.cruisemapper.com/ships/ACL-American-Constitution-1830
ACL American Constitution,1830,American Cruise Lines,,2026-07-13,13,2026-07-26,"Endicott Arm Fjord, Alaska",1705,alaska-arm-endicott-fjord,,,False,False,False,False,https://www.cruisemapper.com/ships/ACL-American-Constitution-1830
ACL American Constitution,1830,American Cruise Lines,,2026-07-13,14,2026-07-27,"Juneau, Alaska",407,alaska-juneau,,,False,False,True,False,https://www.cruisemapper.com/ships/ACL-American-Constitution-1830
ACL American Eagle,2224,American Cruise Lines,,2026-08-04,1,2026-08-04,"Albany NY, New York",5688,albany-new-ny-york,,,False,True,False,True,https://www.cruisemapper.com/ships/ACL-American-Eagle-2224
ACL American Eagle,2224,American Cruise Lines,,2026-08-04,2,2026-08-04,"Albany NY, New York",5688,albany-new-ny-york,,,False,False,False,True,https://www.cruisemapper.com/ships/ACL-American-Eagle-2224
ACL American Eagle,2224,American Cruise Lines,,2026-08-04,3,2026-08-04,"Hudson River NYC, New York",,hudson-new-nyc-river-york,,,False,False,False,False,https://www.cruisemapper.com/ships/ACL-American-Eagle-2224
ACL American Eagle,2224,American Cruise Lines,,2026-08-04,4,2026-08-05,"Catskill NY, New York",9481,catskill-new-ny-york,,,False,False,False,False,https://www.cruisemapper.com/ships/ACL-American-Eagle-2224
ACL American Eagle,2224,American Cruise Lines,,2026-08-04,5,2026-08-06,"Kingston NY, New York",9482,kingston-new-ny-york,,,False,False,False,False,https://www.cruisemapper.com/ships/ACL-American-Eagle-2224
ACL American Eagle,2224,American Cruise Lines,,2026-08-04,6,2026-08-07,"Hudson River NYC, New York",,hudson-new-nyc-river-york,,,False,False,False,False,https://www.cruisemapper.com/ships/ACL-American-Eagle-2224
ACL American Eagle,2224,American Cruise Lines,,2026-08-04,7,2026-08-08,"West Point NY, New York",11586,new-ny-point-west-york,,,False,False,False,False,https://www.cruisemapper.com/ships/ACL-American-Eagle-2224
ACL American Eagle,2224,American Cruise Lines,,2026-08-04,8,2026-08-09,"Sleepy Hollow NY, Tarrytown, New York",9484,hollow-new-ny-sleepy-tarrytown-york,,,False,False,False,False,https://www.cruisemapper.com/ships/ACL-American-Eagle-2224
ACL American Eagle,2224,American Cruise Lines,,2026-08-04,9,2026-08-10,"New York, NYC Manhattan-Brooklyn",98,brooklyn-manhattan-new-nyc-york,,,False,False,True,False,https://www.cruisemapper.com/ships/ACL-American-Eagle-2224
ACL American Encore,2230,American Cruise Lines,,2026-07-29,1,2026-07-29,"Portland OR, Oregon",4662,or-oregon-portland,,,False,True,False,False,https://www.cruisemapper.com/ships/ACL-American-Encore-2230
ACL American Encore,2230,American Cruise Lines,,2026-07-29,2,2026-07-29,"Stevenson WA, Washington",9491,stevenson-wa-washington,,,False,False,False,False,https://www.cruisemapper.com/ships/ACL-American-Encore-2230
ACL American Encore,2230,American Cruise Lines,,2026-07-29,3,2026-07-29,"Camas-Washougal WA, Washington",18468,camas-wa-washington-washougal,,,False,False,False,False,https://www.cruisemapper.com/ships/ACL-American-Encore-2230
ACL American Encore,2230,American Cruise Lines,,2026-07-29,4,2026-07-30,"Astoria OR, Oregon",414,astoria-or-oregon,,,False,False,False,False,https://www.cruisemapper.com/ships/ACL-American-Encore-2230
ACL American Encore,2230,American Cruise Lines,,2026-07-29,5,2026-07-31,"Kalama WA, Washington",16277,kalama-wa-washington,,,False,False,False,False,https://www.cruisemapper.com/ships/ACL-American-Encore-2230
ACL American Encore,2230,American Cruise Lines,,2026-07-29,6,2026-08-01,"The Dalles OR, Oregon",2787,dalles-or-oregon,,,False,False,False,False,https://www.cruisemapper.com/ships/ACL-American-Encore-2230
ACL American Encore,2230,American Cruise Lines,,2026-07-29,7,2026-08-02,"Columbia River Gorge, Washington-Oregon USA",,columbia-gorge-oregon-river-usa-washington,,,False,False,False,False,https://www.cruisemapper.com/ships/ACL-American-Encore-2230
ACL American Encore,2230,American Cruise Lines,,2026-07-29,8,2026-08-03,"Richland WA, Washington",11998,richland-wa-washington,,,False,False,False,False,https://www.cruisemapper.com/ships/ACL-American-Encore-2230
ACL American Encore,2230,American Cruise Lines,,2026-07-29,9,2026-08-04,"Clarkston WA, Washington, Lewiston Idaho",2281,clarkston-idaho-lewiston-wa-washington,,,False,False,True,False,https://www.cruisemapper.com/ships/ACL-American-Encore-2230
ACL American Glory,2225,American Cruise Lines,,2026-07-21,1,2026-07-21,"Boston, Massachusetts",101,boston-massachusetts,,,False,True,False,True,https://www.cruisemapper.com/ships/ACL-American-Glory-2225
ACL American Glory,2225,American Cruise Lines,,2026-07-21,2,2026-07-21,"Boston, Massachusetts",101,boston-massachusetts,,,False,False,False,True,https://www.cruisemapper.com/ships/ACL-American-Glory-2225
ACL American Glory,2225,American Cruise Lines,,2026-07-21,3,2026-07-21,"Cape Cod Canal, Massachusetts",1133,canal-cape-cod-massachusetts,,,False,False,False,False,https://www.cruisemapper.com/ships/ACL-American-Glory-2225
ACL American Glory,2225,American Cruise Lines,,2026-07-21,4,2026-07-22,"Provincetown MA, Massachusetts",4647,ma-massachusetts-provincetown,,,False,False,False,False,https://www.cruisemapper.com/ships/ACL-American-Glory-2225
ACL American Glory,2225,American Cruise Lines,,2026-07-21,5,2026-07-23,"Plymouth MA, Massachusetts",16615,ma-massachusetts-plymouth,,,False,False,False,False,https://www.cruisemapper.com/ships/ACL-American-Glory-2225
ACL American Glory,2225,American Cruise Lines,,2026-07-21,6,2026-07-24,"Cape Cod Canal, Massachusetts",1133,canal-cape-cod-massachusetts,,,False,False,False,False,https://www.cruisemapper.com/ships/ACL-American-Glory-2225
ACL American Glory,2225,American Cruise Lines,,2026-07-21,7,2026-07-24,"Massachusetts Maritime Academy, Bourne MA, Buzzards Bay",,academy-bay-bourne-buzzards-ma-maritime-massachusetts,,,False,False,False,False,https://www.cruisemapper.com/ships/ACL-American-Glory-2225
ACL American Glory,2225,American Cruise Lines,,2026-07-21,8,2026-07-25,"Newport RI, Rhode Island",542,newport-rhode-ri,,,False,False,False,False,https://www.cruisemapper.com/ships/ACL-American-Glory-2225
ACL American Glory,2225,American Cruise Lines,,2026-07-21,9,2026-07-26,"Martha's Vineyard Island, Oak Bluffs, Massachusetts",2207,bluffs-martha-massachusetts-oak-s-vineyard,,,False,False,False,False,https://www.cruisemapper.com/ships/ACL-American-Glory-2225
ACL American Glory,2225,American Cruise Lines,,2026-07-21,10,2026-07-27,"New Bedford MA, Massachusetts",2242,bedford-ma-massachusetts-new,,,False,False,False,False,https://www.cruisemapper.com/ships/ACL-American-Glory-2225
ACL American Glory,2225,American Cruise Lines,,2026-07-21,11,2026-07-27,"Cape Cod Canal, Massachusetts",1133,canal-cape-cod-massachusetts,,,False,False,False,False,https://www.cruisemapper.com/ships/ACL-American-Glory-2225
ACL American Glory,2225,American Cruise Lines,,2026-07-21,12,2026-07-28,"Boston, Massachusetts",101,boston-massachusetts,,,False,False,True,False,https://www.cruisemapper.com/ships/ACL-American-Glory-2225
ACL American Harmony,1550,American Cruise Lines,,2026-07-18,1,2026-07-18,"Portland OR, Oregon",4662,or-oregon-portland,,,False,True,False,False,https://www.cruisemapper.com/ships/ACL-American-Harmony-1550
ACL American Harmony,1550,American Cruise Lines,,2026-07-18,2,2026-07-18,"Camas-Washougal WA, Washington",18468,camas-wa-washington-washougal,,,False,False,False,False,https://www.cruisemapper.com/ships/ACL-American-Harmony-1550
ACL American Harmony,1550,American Cruise Lines,,2026-07-18,3,2026-07-19,"Astoria OR, Oregon",414,astoria-or-oregon,,,False,False,False,False,https://www.cruisemapper.com/ships/ACL-American-Harmony-1550
ACL American Harmony,1550,American Cruise Lines,,2026-07-18,4,2026-07-20,"Kalama WA, Washington",16277,kalama-wa-washington,,,False,False,False,False,https://www.cruisemapper.com/ships/ACL-American-Harmony-1550
ACL American Harmony,1550,American Cruise Lines,,2026-07-18,5,2026-07-21,"The Dalles OR, Oregon",2787,dalles-or-oregon,,,False,False,False,False,https://www.cruisemapper.com/ships/ACL-American-Harmony-1550
ACL American Harmony,1550,American Cruise Lines,,2026-07-18,6,2026-07-22,"Columbia River Gorge, Washington-Oregon USA",,columbia-gorge-oregon-river-usa-washington,,,False,False,False,False,https://www.cruisemapper.com/ships/ACL-American-Harmony-1550
ACL American Harmony,1550,American Cruise Lines,,2026-07-18,7,2026-07-23,"Richland WA, Washington",11998,richland-wa-washington,,,False,False,False,False,https://www.cruisemapper.com/ships/ACL-American-Harmony-1550
ACL American Harmony,1550,American Cruise Lines,,2026-07-18,8,2026-07-24,"Clarkston WA, Washington, Lewiston Idaho",2281,clarkston-idaho-lewiston-wa-washington,,,False,False,False,False,https://www.cruisemapper.com/ships/ACL-American-Harmony-1550
ACL American Harmony,1550,American Cruise Lines,,2026-07-18,9,2026-07-26,"Glacier Bay, Alaska",494,alaska-bay-glacier,,,False,False,True,False,https://www.cruisemapper.com/ships/ACL-American-Harmony-1550
ACL American Independence,827,American Cruise Lines,,2026-07-21,1,2026-07-21,"Portland ME, Maine",674,maine-me-portland,,,False,True,False,True,https://www.cruisemapper.com/ships/ACL-American-Independence-827
ACL American Independence,827,American Cruise Lines,,2026-07-21,2,2026-07-21,"Portland ME, Maine",674,maine-me-portland,,,False,False,False,True,https://www.cruisemapper.com/ships/ACL-American-Independence-827
ACL American Independence,827,American Cruise Lines,,2026-07-21,3,2026-07-22,"Bath ME, Maine",2206,bath-maine-me,,,False,False,False,False,https://www.cruisemapper.com/ships/ACL-American-Independence-827
ACL American Independence,827,American Cruise Lines,,2026-07-21,4,2026-07-23,"Boothbay Harbor ME, Maine",2205,boothbay-harbor-maine-me,,,False,False,False,False,https://www.cruisemapper.com/ships/ACL-American-Independence-827
ACL American Independence,827,American Cruise Lines,,2026-07-21,5,2026-07-24,"Rockland ME, Maine",810,maine-me-rockland,,,False,False,False,False,https://www.cruisemapper.com/ships/ACL-American-Independence-827
ACL American Independence,827,American Cruise Lines,,2026-07-21,6,2026-07-25,"Bar Harbor, Maine",543,bar-harbor-maine,,,False,False,False,False,https://www.cruisemapper.com/ships/ACL-American-Independence-827
ACL American Independence,827,American Cruise Lines,,2026-07-21,7,2026-07-26,"Bucksport ME, Maine",11701,bucksport-maine-me,,,False,False,False,False,https://www.cruisemapper.com/ships/ACL-American-Independence-827
ACL American Independence,827,American Cruise Lines,,2026-07-21,8,2026-07-27,"Bangor ME, Maine",17925,bangor-maine-me,,,False,False,True,False,https://www.cruisemapper.com/ships/ACL-American-Independence-827
ACL American Jazz,1558,American Cruise Lines,,2026-07-25,1,2026-07-25,"Portland OR, Oregon",4662,or-oregon-portland,,,False,True,False,False,https://www.cruisemapper.com/ships/ACL-American-Jazz-1558
ACL American Jazz,1558,American Cruise Lines,,2026-07-25,2,2026-07-25,"Stevenson WA, Washington",9491,stevenson-wa-washington,,,False,False,False,False,https://www.cruisemapper.com/ships/ACL-American-Jazz-1558
ACL American Jazz,1558,American Cruise Lines,,2026-07-25,3,2026-07-25,"Camas-Washougal WA, Washington",18468,camas-wa-washington-washougal,,,False,False,False,False,https://www.cruisemapper.com/ships/ACL-American-Jazz-1558
ACL American Jazz,1558,American Cruise Lines,,2026-07-25,4,2026-07-26,"Astoria OR, Oregon",414,astoria-or-oregon,,,False,False,False,False,https://www.cruisemapper.com/ships/ACL-American-Jazz-1558
ACL American Jazz,1558,American Cruise Lines,,2026-07-25,5,2026-07-27,"Kalama WA, Washington",16277,kalama-wa-washington,,,False,False,False,False,https://www.cruisemapper.com/ships/ACL-American-Jazz-1558
ACL American Jazz,1558,American Cruise Lines,,2026-07-25,6,2026-07-28,"The Dalles OR, Oregon",2787,dalles-or-oregon,,,False,False,False,False,https://www.cruisemapper.com/ships/ACL-American-Jazz-1558
ACL American Jazz,1558,American Cruise Lines,,2026-07-25,7,2026-07-29,"Columbia River Gorge, Washington-Oregon USA",,columbia-gorge-oregon-river-usa-washington,,,False,False,False,False,https://www.cruisemapper.com/ships/ACL-American-Jazz-1558
ACL American Jazz,1558,American Cruise Lines,,2026-07-25,8,2026-07-30,"Richland WA, Washington",11998,richland-wa-washington,,,False,False,False,False,https://www.cruisemapper.com/ships/ACL-American-Jazz-1558
ACL American Jazz,1558,American Cruise Lines,,2026-07-25,9,2026-07-31,"Clarkston WA, Washington, Lewiston Idaho",2281,clarkston-idaho-lewiston-wa-washington,,,False,False,True,False,https://www.cruisemapper.com/ships/ACL-American-Jazz-1558
ACL American Legend,2227,American Cruise Lines,,2026-08-06,1,2026-08-06,"Bangor ME, Maine",17925,bangor-maine-me,,,False,True,False,True,https://www.cruisemapper.com/ships/ACL-American-Legend-2227
ACL American Legend,2227,American Cruise Lines,,2026-08-06,2,2026-08-06,"Bangor ME, Maine",17925,bangor-maine-me,,,False,False,False,True,https://www.cruisemapper.com/ships/ACL-American-Legend-2227
ACL American Legend,2227,American Cruise Lines,,2026-08-06,3,2026-08-06,coastal cruising,,coastal-cruising,,,False,False,False,False,https://www.cruisemapper.com/ships/ACL-American-Legend-2227
ACL American Legend,2227,American Cruise Lines,,2026-08-06,4,2026-08-07,"Bar Harbor, Maine",543,bar-harbor-maine,,,False,False,False,False,https://www.cruisemapper.com/ships/ACL-American-Legend-2227
ACL American Legend,2227,American Cruise Lines,,2026-08-06,5,2026-08-08,"Rockland ME, Maine",810,maine-me-rockland,,,False,False,False,False,https://www.cruisemapper.com/ships/ACL-American-Legend-2227
ACL American Legend,2227,American Cruise Lines,,2026-08-06,6,2026-08-09,"Bath ME, Maine",2206,bath-maine-me,,,False,False,False,False,https://www.cruisemapper.com/ships/ACL-American-Legend-2227
ACL American Legend,2227,American Cruise Lines,,2026-08-06,7,2026-08-10,"Boothbay Harbor ME, Maine",2205,boothbay-harbor-maine-me,,,False,False,False,False,https://www.cruisemapper.com/ships/ACL-American-Legend-2227
ACL American Legend,2227,American Cruise Lines,,2026-08-06,8,2026-08-11,coastal cruising,,coastal-cruising,,,False,False,False,False,https://www.cruisemapper.com/ships/ACL-American-Legend-2227
ACL American Legend,2227,American Cruise Lines,,2026-08-06,9,2026-08-12,"Portland OR, Oregon",4662,or-oregon-portland,,,False,False,True,False,https://www.cruisemapper.com/ships/ACL-American-Legend-2227
ACL American Liberty,2226,American Cruise Lines,,2026-07-19,1,2026-07-19,"Providence RI, Rhode Island",2209,providence-rhode-ri,,,False,True,False,True,https://www.cruisemapper.com/ships/ACL-American-Liberty-2226
ACL American Liberty,2226,American Cruise Lines,,2026-07-19,2,2026-07-19,"Providence RI, Rhode Island",2209,providence-rhode-ri,,,False,False,False,True,https://www.cruisemapper.com/ships/ACL-American-Liberty-2226
ACL American Liberty,2226,American Cruise Lines,,2026-07-19,3,2026-07-20,"Martha's Vineyard Island, Oak Bluffs, Massachusetts",2207,bluffs-martha-massachusetts-oak-s-vineyard,,,False,False,False,False,https://www.cruisemapper.com/ships/ACL-American-Liberty-2226
ACL American Liberty,2226,American Cruise Lines,,2026-07-19,4,2026-07-21,"Nantucket MA, Massachusetts",2208,ma-massachusetts-nantucket,,,False,False,False,False,https://www.cruisemapper.com/ships/ACL-American-Liberty-2226
ACL American Liberty,2226,American Cruise Lines,,2026-07-19,5,2026-07-21,"Martha's Vineyard Island, Oak Bluffs, Massachusetts",2207,bluffs-martha-massachusetts-oak-s-vineyard,,,False,False,False,False,https://www.cruisemapper.com/ships/ACL-American-Liberty-2226
ACL American Liberty,2226,American Cruise Lines,,2026-07-19,6,2026-07-23,"Block Island RI, Rhode Island",2244,block-rhode-ri,,,False,False,False,False,https://www.cruisemapper.com/ships/ACL-American-Liberty-2226
ACL American Liberty,2226,American Cruise Lines,,2026-07-19,7,2026-07-24,"Newport RI, Rhode Island",542,newport-rhode-ri,,,False,False,False,False,https://www.cruisemapper.com/ships/ACL-American-Liberty-2226
ACL American Liberty,2226,American Cruise Lines,,2026-07-19,8,2026-07-25,"Bristol RI, Rhode Island",5239,bristol-rhode-ri,,,False,False,False,False,https://www.cruisemapper.com/ships/ACL-American-Liberty-2226
ACL American Liberty,2226,American Cruise Lines,,2026-07-19,9,2026-07-26,"Providence RI, Rhode Island",2209,providence-rhode-ri,,,False,False,True,False,https://www.cruisemapper.com/ships/ACL-American-Liberty-2226
ACL American Maverick,2231,American Cruise Lines,,2026-08-01,1,2026-08-01,"Portland OR, Oregon",4662,or-oregon-portland,,,False,True,False,True,https://www.cruisemapper.com/ships/ACL-American-Maverick-2231
ACL American Maverick,2231,American Cruise Lines,,2026-08-01,2,2026-08-01,"Portland OR, Oregon",4662,or-oregon-portland,,,False,False,False,True,https://www.cruisemapper.com/ships/ACL-American-Maverick-2231
ACL American Maverick,2231,American Cruise Lines,,2026-08-01,3,2026-08-01,coastal cruising,,coastal-cruising,,,False,False,False,False,https://www.cruisemapper.com/ships/ACL-American-Maverick-2231
ACL American Maverick,2231,American Cruise Lines,,2026-08-01,4,2026-08-02,"Bath ME, Maine",2206,bath-maine-me,,,False,False,False,False,https://www.cruisemapper.com/ships/ACL-American-Maverick-2231
ACL American Maverick,2231,American Cruise Lines,,2026-08-01,5,2026-08-03,"Boothbay Harbor ME, Maine",2205,boothbay-harbor-maine-me,,,False,False,False,False,https://www.cruisemapper.com/ships/ACL-American-Maverick-2231
ACL American Maverick,2231,American Cruise Lines,,2026-08-01,6,2026-08-04,"Rockland ME, Maine",810,maine-me-rockland,,,False,False,False,False,https://www.cruisemapper.com/ships/ACL-American-Maverick-2231
ACL American Maverick,2231,American Cruise Lines,,2026-08-01,7,2026-08-05,"Bar Harbor, Maine",543,bar-harbor-maine,,,False,False,False,False,https://www.cruisemapper.com/ships/ACL-American-Maverick-2231
ACL American Maverick,2231,American Cruise Lines,,2026-08-01,8,2026-08-06,"Bucksport ME, Maine",11701,bucksport-maine-me,,,False,False,False,False,https://www.cruisemapper.com/ships/ACL-American-Maverick-2231
ACL American Maverick,2231,American Cruise Lines,,2026-08-01,9,2026-08-07,"Bangor ME, Maine",17925,bangor-maine-me,,,False,False,True,False,https://www.cruisemapper.com/ships/ACL-American-Maverick-2231
ACL American Melody,1559,American Cruise Lines,,2026-07-25,1,2026-07-25,"Louisville KY, Kentucky",2270,kentucky-ky-louisville,,,False,True,False,True,https://www.cruisemapper.com/ships/ACL-American-Melody-1559
ACL American Melody,1559,American Cruise Lines,,2026-07-25,2,2026-07-25,"Louisville KY, Kentucky",2270,kentucky-ky-louisville,,,False,False,False,True,https://www.cruisemapper.com/ships/ACL-American-Melody-1559
ACL American Melody,1559,American Cruise Lines,,2026-07-25,3,2026-07-26,"Madison IN, Indiana",9489,in-indiana-madison,,,False,False,False,False,https://www.cruisemapper.com/ships/ACL-American-Melody-1559
ACL American Melody,1559,American Cruise Lines,,2026-07-25,4,2026-07-27,"Cincinnati OH, Ohio",2272,cincinnati-oh-ohio,,,False,False,False,False,https://www.cruisemapper.com/ships/ACL-American-Melody-1559
ACL American Melody,1559,American Cruise Lines,,2026-07-25,5,2026-07-29,"Marietta OH, Ohio",13002,marietta-oh-ohio,,,False,False,False,False,https://www.cruisemapper.com/ships/ACL-American-Melody-1559
ACL American Melody,1559,American Cruise Lines,,2026-07-25,6,2026-07-31,"Pittsburgh PA, Pennsylvania",13003,pa-pennsylvania-pittsburgh,,,False,False,True,False,https://www.cruisemapper.com/ships/ACL-American-Melody-1559
ACL American Patriot,2228,American Cruise Lines,,2026-08-02,1,2026-08-02,"Milwaukee WI, Wisconsin, Lake Michigan",2373,lake-michigan-milwaukee-wi-wisconsin,,,False,True,False,True,https://www.cruisemapper.com/ships/ACL-American-Patriot-2228
ACL American Patriot,2228,American Cruise Lines,,2026-08-02,2,2026-08-02,"Milwaukee WI, Wisconsin, Lake Michigan",2373,lake-michigan-milwaukee-wi-wisconsin,,,False,False,False,True,https://www.cruisemapper.com/ships/ACL-American-Patriot-2228
ACL American Patriot,2228,American Cruise Lines,,2026-08-02,3,2026-08-02,"Great Lakes, USA-Canada",9996,canada-great-lakes-usa,,,False,False,False,False,https://www.cruisemapper.com/ships/ACL-American-Patriot-2228
ACL American Patriot,2228,American Cruise Lines,,2026-08-02,4,2026-08-03,"Sheboygan WI, Wisconsin, Lake Michigan",,lake-michigan-sheboygan-wi-wisconsin,,,False,False,False,False,https://www.cruisemapper.com/ships/ACL-American-Patriot-2228
ACL American Patriot,2228,American Cruise Lines,,2026-08-02,5,2026-08-04,"Great Lakes, USA-Canada",9996,canada-great-lakes-usa,,,False,False,False,False,https://www.cruisemapper.com/ships/ACL-American-Patriot-2228
ACL American Patriot,2228,American Cruise Lines,,2026-08-02,6,2026-08-05,"Escanaba MI, Michigan, Lake Michigan",9781,escanaba-lake-mi-michigan,,,False,False,False,False,https://www.cruisemapper.com/ships/ACL-American-Patriot-2228
ACL American Patriot,2228,American Cruise Lines,,2026-08-02,7,2026-08-06,"Green Bay WI, Wisconsin",18402,bay-green-wi-wisconsin,,,False,False,False,False,https://www.cruisemapper.com/ships/ACL-American-Patriot-2228
ACL American Patriot,2228,American Cruise Lines,,2026-08-02,8,2026-08-07,"Muskegon MI, Michigan",18043,mi-michigan-muskegon,,,False,False,False,False,https://www.cruisemapper.com/ships/ACL-American-Patriot-2228
ACL American Patriot,2228,American Cruise Lines,,2026-08-02,9,2026-08-08,"Milwaukee WI, Wisconsin, Lake Michigan",2373,lake-michigan-milwaukee-wi-wisconsin,,,False,False,True,False,https://www.cruisemapper.com/ships/ACL-American-Patriot-2228
ACL American Pioneer,2229,American Cruise Lines,,2026-07-19,1,2026-07-19,"Boston, Massachusetts",101,boston-massachusetts,,,False,True,False,True,https://www.cruisemapper.com/ships/ACL-American-Pioneer-2229
ACL American Pioneer,2229,American Cruise Lines,,2026-07-19,2,2026-07-19,"Boston, Massachusetts",101,boston-massachusetts,,,False,False,False,True,https://www.cruisemapper.com/ships/ACL-American-Pioneer-2229
ACL American Pioneer,2229,American Cruise Lines,,2026-07-19,3,2026-07-19,"Cape Cod Canal, Massachusetts",1133,canal-cape-cod-massachusetts,,,False,False,False,False,https://www.cruisemapper.com/ships/ACL-American-Pioneer-2229
ACL American Pioneer,2229,American Cruise Lines,,2026-07-19,4,2026-07-20,"Provincetown MA, Massachusetts",4647,ma-massachusetts-provincetown,,,False,False,False,False,https://www.cruisemapper.com/ships/ACL-American-Pioneer-2229
ACL American Pioneer,2229,American Cruise Lines,,2026-07-19,5,2026-07-21,"Plymouth MA, Massachusetts",16615,ma-massachusetts-plymouth,,,False,False,False,False,https://www.cruisemapper.com/ships/ACL-American-Pioneer-2229
ACL American Pioneer,2229,American Cruise Lines,,2026-07-19,6,2026-07-22,"Cape Cod Canal, Massachusetts",1133,canal-cape-cod-massachusetts,,,False,False,False,False,https://www.cruisemapper.com/ships/ACL-American-Pioneer-2229
ACL American Pioneer,2229,American Cruise Lines,,2026-07-19,7,2026-07-22,"Massachusetts Maritime Academy, Bourne MA, Buzzards Bay",,academy-bay-bourne-buzzards-ma-maritime-massachusetts,,,False,False,False,False,https://www.cruisemapper.com/ships/ACL-American-Pioneer-2229
ACL American Pioneer,2229,American Cruise Lines,,2026-07-19,8,2026-07-23,"Newport RI, Rhode Island",542,newport-rhode-ri,,,False,False,False,False,https://www.cruisemapper.com/ships/ACL-American-Pioneer-2229
ACL American Pioneer,2229,American Cruise Lines,,2026-07-19,9,2026-07-24,"Martha's Vineyard Island, Oak Bluffs, Massachusetts",2207,bluffs-martha-massachusetts-oak-s-vineyard,,,False,False,False,False,https://www.cruisemapper.com/ships/ACL-American-Pioneer-2229
ACL American Pioneer,2229,American Cruise Lines,,2026-07-19,10,2026-07-25,"New Bedford MA, Massachusetts",2242,bedford-ma-massachusetts-new,,,False,False,False,False,https://www.cruisemapper.com/ships/ACL-American-Pioneer-2229
ACL American Pioneer,2229,American Cruise Lines,,2026-07-19,11,2026-07-25,"Cape Cod Canal, Massachusetts",1133,canal-cape-cod-massachusetts,,,False,False,False,False,https://www.cruisemapper.com/ships/ACL-American-Pioneer-2229
ACL American Pioneer,2229,American Cruise Lines,,2026-07-19,12,2026-07-26,"Boston, Massachusetts",101,boston-massachusetts,,,False,False,True,False,https://www.cruisemapper.com/ships/ACL-American-Pioneer-2229
ACL American Ranger,2232,American Cruise Lines,,2026-09-19,1,2026-09-19,"New York, NYC Manhattan-Brooklyn",98,brooklyn-manhattan-new-nyc-york,,,False,True,False,True,https://www.cruisemapper.com/ships/ACL-American-Ranger-2232
ACL American Ranger,2232,American Cruise Lines,,2026-09-19,2,2026-09-19,"New York, NYC Manhattan-Brooklyn",98,brooklyn-manhattan-new-nyc-york,,,False,False,False,True,https://www.cruisemapper.com/ships/ACL-American-Ranger-2232
ACL American Ranger,2232,American Cruise Lines,,2026-09-19,3,2026-09-20,"Sleepy Hollow NY, Tarrytown, New York",9484,hollow-new-ny-sleepy-tarrytown-york,,,False,False,False,False,https://www.cruisemapper.com/ships/ACL-American-Ranger-2232
ACL American Ranger,2232,American Cruise Lines,,2026-09-19,4,2026-09-21,"West Point NY, New York",11586,new-ny-point-west-york,,,False,False,False,False,https://www.cruisemapper.com/ships/ACL-American-Ranger-2232
ACL American Ranger,2232,American Cruise Lines,,2026-09-19,5,2026-09-22,"Kingston NY, New York",9482,kingston-new-ny-york,,,False,False,False,False,https://www.cruisemapper.com/ships/ACL-American-Ranger-2232
ACL American Ranger,2232,American Cruise Lines,,2026-09-19,6,2026-09-23,"Catskill NY, New York",9481,catskill-new-ny-york,,,False,False,False,False,https://www.cruisemapper.com/ships/ACL-American-Ranger-2232
ACL American Ranger,2232,American Cruise Lines,,2026-09-19,7,2026-09-24,"Hudson River NYC, New York",,hudson-new-nyc-river-york,,,False,False,False,False,https://www.cruisemapper.com/ships/ACL-American-Ranger-2232
ACL American Ranger,2232,American Cruise Lines,,2026-09-19,8,2026-09-25,"Albany NY, New York",5688,albany-new-ny-york,,,False,False,True,False,https://www.cruisemapper.com/ships/ACL-American-Ranger-2232
ACL American Serenade,1650,American Cruise Lines,,2026-08-08,1,2026-08-08,"St Louis MO, Missouri",2015,louis-missouri-mo-st,,,False,True,False,True,https://www.cruisemapper.com/ships/ACL-American-Serenade-1650
ACL American Serenade,1650,American Cruise Lines,,2026-08-08,2,2026-08-08,"St Louis MO, Missouri",2015,louis-missouri-mo-st,,,False,False,False,True,https://www.cruisemapper.com/ships/ACL-American-Serenade-1650
ACL American Serenade,1650,American Cruise Lines,,2026-08-08,3,2026-08-09,"Hannibal MO, Missouri",2245,hannibal-missouri-mo,,,False,False,False,False,https://www.cruisemapper.com/ships/ACL-American-Serenade-1650
ACL American Serenade,1650,American Cruise Lines,,2026-08-08,4,2026-08-11,"Muscatine IA, Iowa",19600,ia-iowa-muscatine,,,False,False,False,False,https://www.cruisemapper.com/ships/ACL-American-Serenade-1650
ACL American Serenade,1650,American Cruise Lines,,2026-08-08,5,2026-08-12,"Dubuque IA, Iowa",2248,dubuque-ia-iowa,,,False,False,False,False,https://www.cruisemapper.com/ships/ACL-American-Serenade-1650
ACL American Serenade,1650,American Cruise Lines,,2026-08-08,6,2026-08-13,"Winona MN, Minnesota",12995,minnesota-mn-winona,,,False,False,False,False,https://www.cruisemapper.com/ships/ACL-American-Serenade-1650
ACL American Serenade,1650,American Cruise Lines,,2026-08-08,7,2026-08-14,"Red Wing MN, Minnesota",2250,minnesota-mn-red-wing,,,False,False,False,False,https://www.cruisemapper.com/ships/ACL-American-Serenade-1650
ACL American Serenade,1650,American Cruise Lines,,2026-08-08,8,2026-08-15,"Minneapolis-Saint Paul, Minnesota",1779,minneapolis-minnesota-paul-saint,,,False,False,True,False,https://www.cruisemapper.com/ships/ACL-American-Serenade-1650
ACL American Song,1648,American Cruise Lines,,2026-07-23,1,2026-07-23,"Portland OR, Oregon",4662,or-oregon-portland,,,False,True,False,False,https://www.cruisemapper.com/ships/ACL-American-Song-1648
ACL American Song,1648,American Cruise Lines,,2026-07-23,2,2026-07-23,"Stevenson WA, Washington",9491,stevenson-wa-washington,,,False,False,False,False,https://www.cruisemapper.com/ships/ACL-American-Song-1648
ACL American Song,1648,American Cruise Lines,,2026-07-23,3,2026-07-23,"Camas-Washougal WA, Washington",18468,camas-wa-washington-washougal,,,False,False,False,False,https://www.cruisemapper.com/ships/ACL-American-Song-1648
ACL American Song,1648,American Cruise Lines,,2026-07-23,4,2026-07-24,"Astoria OR, Oregon",414,astoria-or-oregon,,,False,False,False,False,https://www.cruisemapper.com/ships/ACL-American-Song-1648
ACL American Song,1648,American Cruise Lines,,2026-07-23,5,2026-07-25,"Kalama WA, Washington",16277,kalama-wa-washington,,,False,False,False,False,https://www.cruisemapper.com/ships/ACL-American-Song-1648
ACL American Song,1648,American Cruise Lines,,2026-07-23,6,2026-07-26,"The Dalles OR, Oregon",2787,dalles-or-oregon,,,False,False,False,False,https://www.cruisemapper.com/ships/ACL-American-Song-1648
ACL American Song,1648,American Cruise Lines,,2026-07-23,7,2026-07-27,"Columbia River Gorge, Washington-Oregon USA",,columbia-gorge-oregon-river-usa-washington,,,False,False,False,False,https://www.cruisemapper.com/ships/ACL-American-Song-1648
ACL American Song,1648,American Cruise Lines,,2026-07-23,8,2026-07-28,"Richland WA, Washington",11998,richland-wa-washington,,,False,False,False,False,https://www.cruisemapper.com/ships/ACL-American-Song-1648
ACL American Song,1648,American Cruise Lines,,2026-07-23,9,2026-07-29,"Clarkston WA, Washington, Lewiston Idaho",2281,clarkston-idaho-lewiston-wa-washington,,,False,False,True,False,https://www.cruisemapper.com/ships/ACL-American-Song-1648
ACL American Spirit,825,American Cruise Lines,,2026-09-26,1,2026-09-26,"Tacoma WA, Washington",16321,tacoma-wa-washington,,,False,True,False,True,https://www.cruisemapper.com/ships/ACL-American-Spirit-825
ACL American Spirit,825,American Cruise Lines,,2026-09-26,2,2026-09-26,"Tacoma WA, Washington",16321,tacoma-wa-washington,,,False,False,False,True,https://www.cruisemapper.com/ships/ACL-American-Spirit-825
ACL American Spirit,825,American Cruise Lines,,2026-09-26,3,2026-09-26,coastal cruising,,coastal-cruising,,,False,False,False,False,https://www.cruisemapper.com/ships/ACL-American-Spirit-825
ACL American Spirit,825,American Cruise Lines,,2026-09-26,4,2026-09-27,"Anacortes WA, Fidalgo Island Washington",2239,anacortes-fidalgo-wa-washington,,,False,False,False,False,https://www.cruisemapper.com/ships/ACL-American-Spirit-825
ACL American Spirit,825,American Cruise Lines,,2026-09-26,5,2026-09-28,"Friday Harbor WA, San Juan Island Washington",1711,friday-harbor-juan-san-wa-washington,,,False,False,False,False,https://www.cruisemapper.com/ships/ACL-American-Spirit-825
ACL American Spirit,825,American Cruise Lines,,2026-09-26,6,2026-09-29,"San Juan Islands WA, Washington",13319,islands-juan-san-wa-washington,,,False,False,False,False,https://www.cruisemapper.com/ships/ACL-American-Spirit-825
ACL American Spirit,825,American Cruise Lines,,2026-09-26,7,2026-09-29,"Port Angeles WA, Washington",754,angeles-wa-washington,,,False,False,False,False,https://www.cruisemapper.com/ships/ACL-American-Spirit-825
ACL American Spirit,825,American Cruise Lines,,2026-09-26,8,2026-09-30,"Victoria BC, Vancouver Island Canada",3,bc-canada-vancouver-victoria,,,False,False,False,False,https://www.cruisemapper.com/ships/ACL-American-Spirit-825
ACL American Spirit,825,American Cruise Lines,,2026-09-26,9,2026-09-30,"Port Angeles WA, Washington",754,angeles-wa-washington,,,False,False,False,False,https://www.cruisemapper.com/ships/ACL-American-Spirit-825
ACL American Spirit,825,American Cruise Lines,,2026-09-26,10,2026-10-01,"Port Townsend WA, Washington",2240,townsend-wa-washington,,,False,False,False,False,https://www.cruisemapper.com/ships/ACL-American-Spirit-825
ACL American Spirit,825,American Cruise Lines,,2026-09-26,11,2026-10-02,"Bremerton WA, Washington",16320,bremerton-wa-washington,,,False,False,False,False,https://www.cruisemapper.com/ships/ACL-American-Spirit-825
ACL American Spirit,825,American Cruise Lines,,2026-09-26,12,2026-10-03,"Tacoma WA, Washington",16321,tacoma-wa-washington,,,False,False,True,False,https://www.cruisemapper.com/ships/ACL-American-Spirit-825
ACL American Star,826,American Cruise Lines,,2026-07-23,1,2026-07-23,"Providence RI, Rhode Island",2209,providence-rhode-ri,,,False,True,False,True,https://www.cruisemapper.com/ships/ACL-American-Star-826
ACL American Star,826,American Cruise Lines,,2026-07-23,2,2026-07-23,"Providence RI, Rhode Island",2209,providence-rhode-ri,,,False,False,False,True,https://www.cruisemapper.com/ships/ACL-American-Star-826
ACL American Star,826,American Cruise Lines,,2026-07-23,3,2026-07-24,"Martha's Vineyard Island, Oak Bluffs, Massachusetts",2207,bluffs-martha-massachusetts-oak-s-vineyard,,,False,False,False,False,https://www.cruisemapper.com/ships/ACL-American-Star-826
ACL American Star,826,American Cruise Lines,,2026-07-23,4,2026-07-25,"Nantucket MA, Massachusetts",2208,ma-massachusetts-nantucket,,,False,False,False,False,https://www.cruisemapper.com/ships/ACL-American-Star-826
ACL American Star,826,American Cruise Lines,,2026-07-23,5,2026-07-25,"Martha's Vineyard Island, Oak Bluffs, Massachusetts",2207,bluffs-martha-massachusetts-oak-s-vineyard,,,False,False,False,False,https://www.cruisemapper.com/ships/ACL-American-Star-826
ACL American Star,826,American Cruise Lines,,2026-07-23,6,2026-07-27,"Block Island RI, Rhode Island",2244,block-rhode-ri,,,False,False,False,False,https://www.cruisemapper.com/ships/ACL-American-Star-826
ACL American Star,826,American Cruise Lines,,2026-07-23,7,2026-07-28,"Newport RI, Rhode Island",542,newport-rhode-ri,,,False,False,False,False,https://www.cruisemapper.com/ships/ACL-American-Star-826
ACL American Star,826,American Cruise Lines,,2026-07-23,8,2026-07-29,"Bristol RI, Rhode Island",5239,bristol-rhode-ri,,,False,False,False,False,https://www.cruisemapper.com/ships/ACL-American-Star-826
ACL American Star,826,American Cruise Lines,,2026-07-23,9,2026-07-30,"Providence RI, Rhode Island",2209,providence-rhode-ri,,,False,False,True,False,https://www.cruisemapper.com/ships/ACL-American-Star-826
ACL American Symphony,1560,American Cruise Lines,,2026-08-19,1,2026-08-19,"New Orleans, Port NOLA Louisiana",43,louisiana-new-nola-orleans,,,False,True,False,True,https://www.cruisemapper.com/ships/ACL-American-Symphony-1560
ACL American Symphony,1560,American Cruise Lines,,2026-08-19,2,2026-08-19,"New Orleans, Port NOLA Louisiana",43,louisiana-new-nola-orleans,,,False,False,False,True,https://www.cruisemapper.com/ships/ACL-American-Symphony-1560
ACL American Symphony,1560,American Cruise Lines,,2026-08-19,3,2026-08-20,"Oak Alley Plantation, Louisiana",2251,alley-louisiana-oak-plantation,,,False,False,False,False,https://www.cruisemapper.com/ships/ACL-American-Symphony-1560
ACL American Symphony,1560,American Cruise Lines,,2026-08-19,4,2026-08-21,"Baton Rouge, Louisiana",2252,baton-louisiana-rouge,,,False,False,False,False,https://www.cruisemapper.com/ships/ACL-American-Symphony-1560
ACL American Symphony,1560,American Cruise Lines,,2026-08-19,5,2026-08-22,"Natchez MS, Mississippi",2254,mississippi-ms-natchez,,,False,False,False,False,https://www.cruisemapper.com/ships/ACL-American-Symphony-1560
ACL American Symphony,1560,American Cruise Lines,,2026-08-19,6,2026-08-23,"Vicksburg MS, Mississippi",2255,mississippi-ms-vicksburg,,,False,False,False,False,https://www.cruisemapper.com/ships/ACL-American-Symphony-1560
ACL American Symphony,1560,American Cruise Lines,,2026-08-19,7,2026-08-24,"Terrene Landing-Cleveland MS, Mississippi",15169,cleveland-landing-mississippi-ms-terrene,,,False,False,False,False,https://www.cruisemapper.com/ships/ACL-American-Symphony-1560
ACL American Symphony,1560,American Cruise Lines,,2026-08-19,8,2026-08-25,"Memphis TN, Tennessee",2257,memphis-tennessee-tn,,,False,False,True,False,https://www.cruisemapper.com/ships/ACL-American-Symphony-1560
AIDAbella,653,AIDA Cruises,,2026-08-16,1,2026-08-16,"Kiel, Germany",45,germany-kiel,,17:00,False,True,False,False,https://www.cruisemapper.com/ships/AIDAbella-653
AIDAbella,653,AIDA Cruises,,2026-08-16,2,2026-08-17,"Skagen, Denmark",184,denmark-skagen,11:00,20:00,False,False,False,False,https://www.cruisemapper.com/ships/AIDAbella-653
AIDAbella,653,AIDA Cruises,,2026-08-16,3,2026-08-19,"Maloy, Vagsoy Island Norway",186,maloy-norway-vagsoy,08:00,17:00,False,False,False,False,https://www.cruisemapper.com/ships/AIDAbella-653
AIDAbella,653,AIDA Cruises,,2026-08-16,4,2026-08-21,"Sortland, Langoya Island Norway",198,langoya-norway-sortland,09:00,19:00,False,False,False,False,https://www.cruisemapper.com/ships/AIDAbella-653
AIDAbella,653,AIDA Cruises,,2026-08-16,5,2026-08-22,"Leknes-Gravdal, Vestvagoy Island Lofoten Norway",1140,gravdal-leknes-lofoten-norway-vestvagoy,08:00,18:00,False,False,False,False,https://www.cruisemapper.com/ships/AIDAbella-653
AIDAbella,653,AIDA Cruises,,2026-08-16,6,2026-08-23,"Narvik, Norway",260,narvik-norway,08:00,18:00,False,False,False,False,https://www.cruisemapper.com/ships/AIDAbella-653
AIDAbella,653,AIDA Cruises,,2026-08-16,7,2026-08-24,"Bodo, Norway",195,bodo-norway,08:00,18:00,False,False,False,False,https://www.cruisemapper.com/ships/AIDAbella-653
AIDAbella,653,AIDA Cruises,,2026-08-16,8,2026-08-25,"Bronnoysund, Norway",191,bronnoysund-norway,08:00,18:00,False,False,False,False,https://www.cruisemapper.com/ships/AIDAbella-653
AIDAbella,653,AIDA Cruises,,2026-08-16,9,2026-08-26,"Trondheim, Norway",189,norway-trondheim,09:00,17:00,False,False,False,False,https://www.cruisemapper.com/ships/AIDAbella-653
AIDAbella,653,AIDA Cruises,,2026-08-16,10,2026-08-28,"Stavanger, Norway",181,norway-stavanger,08:00,18:00,False,False,False,False,https://www.cruisemapper.com/ships/AIDAbella-653
AIDAbella,653,AIDA Cruises,,2026-08-16,11,2026-08-30,"Kiel, Germany",45,germany-kiel,08:00,,False,False,True,False,https://www.cruisemapper.com/ships/AIDAbella-653
AIDAblu,624,AIDA Cruises,,2026-07-18,1,2026-07-18,"Corfu Island, Kerkyra, Greece",60,corfu-greece-kerkyra,,22:00,False,True,False,False,https://www.cruisemapper.com/ships/AIDAblu-624
AIDAblu,624,AIDA Cruises,,2026-07-18,2,2026-07-20,"Souda-Chania, Crete Greece",17202,chania-crete-greece-souda,08:00,18:00,False,False,False,False,https://www.cruisemapper.com/ships/AIDAblu-624
AIDAblu,624,AIDA Cruises,,2026-07-18,3,2026-07-21,"Bodrum, Turkey",250,bodrum-turkey,10:00,20:00,False,False,False,False,https://www.cruisemapper.com/ships/AIDAblu-624
AIDAblu,624,AIDA Cruises,,2026-07-18,4,2026-07-22,"Santorini Island, Thira, Greece",69,greece-santorini-thira,08:00,18:00,False,False,False,False,https://www.cruisemapper.com/ships/AIDAblu-624
AIDAblu,624,AIDA Cruises,,2026-07-18,5,2026-07-23,"Piraeus-Athens, Greece",80,athens-greece-piraeus,10:00,20:00,False,False,False,False,https://www.cruisemapper.com/ships/AIDAblu-624
AIDAblu,624,AIDA Cruises,,2026-07-18,6,2026-07-25,"Corfu Island, Kerkyra, Greece",60,corfu-greece-kerkyra,06:00,22:00,False,False,False,False,https://www.cruisemapper.com/ships/AIDAblu-624
AIDAblu,624,AIDA Cruises,,2026-07-18,7,2026-07-27,"Valletta, Malta",724,malta-valletta,08:00,20:00,False,False,False,False,https://www.cruisemapper.com/ships/AIDAblu-624
AIDAblu,624,AIDA Cruises,,2026-07-18,8,2026-07-28,"Catania, Sicily Italy",241,catania-italy-sicily,08:00,20:00,False,False,False,False,https://www.cruisemapper.com/ships/AIDAblu-624
AIDAblu,624,AIDA Cruises,,2026-07-18,9,2026-07-29,"Giardini Naxos-Taormina, Sicily Italy",148,giardini-italy-naxos-sicily-taormina,07:00,17:00,False,False,False,False,https://www.cruisemapper.com/ships/AIDAblu-624
AIDAblu,624,AIDA Cruises,,2026-07-18,10,2026-07-30,"Kefalonia Island, Argostoli-Fiskardo, Greece",1235,argostoli-fiskardo-greece-kefalonia,11:00,21:00,False,False,False,False,https://www.cruisemapper.com/ships/AIDAblu-624
AIDAblu,624,AIDA Cruises,,2026-07-18,11,2026-07-31,"Katakolon, Olympia, Greece",72,greece-katakolon-olympia,08:00,17:00,False,False,False,False,https://www.cruisemapper.com/ships/AIDAblu-624
AIDAblu,624,AIDA Cruises,,2026-07-18,12,2026-08-01,"Corfu Island, Kerkyra, Greece",60,corfu-greece-kerkyra,06:00,,False,False,True,False,https://www.cruisemapper.com/ships/AIDAblu-624
AIDAcosma,2076,AIDA Cruises,,2026-07-17,1,2026-07-17,"Barcelona, Spain",82,barcelona-spain,,18:00,False,True,False,False,https://www.cruisemapper.com/ships/AIDAcosma-2076
AIDAcosma,2076,AIDA Cruises,,2026-07-17,2,2026-07-18,"Palma de Mallorca, Majorca Island Balearic Spain",77,balearic-majorca-mallorca-palma-spain,05:00,22:00,False,False,False,False,https://www.cruisemapper.com/ships/AIDAcosma-2076
AIDAcosma,2076,AIDA Cruises,,2026-07-17,3,2026-07-20,"Malaga, Spain Granada",75,granada-malaga-spain,10:00,22:00,False,False,False,False,https://www.cruisemapper.com/ships/AIDAcosma-2076
AIDAcosma,2076,AIDA Cruises,,2026-07-17,4,2026-07-21,Gibraltar,4030,gibraltar,07:00,17:00,False,False,False,False,https://www.cruisemapper.com/ships/AIDAcosma-2076
AIDAcosma,2076,AIDA Cruises,,2026-07-17,5,2026-07-22,"Cartagena Spain, Murcia",338,cartagena-murcia-spain,10:00,20:00,False,False,False,False,https://www.cruisemapper.com/ships/AIDAcosma-2076
AIDAcosma,2076,AIDA Cruises,,2026-07-17,6,2026-07-23,"Ibiza, Ibiza Island Balearic Spain",146,balearic-ibiza-spain,11:30,19:00,False,False,False,False,https://www.cruisemapper.com/ships/AIDAcosma-2076
AIDAcosma,2076,AIDA Cruises,,2026-07-17,7,2026-07-24,"Barcelona, Spain",82,barcelona-spain,06:00,18:00,False,False,False,False,https://www.cruisemapper.com/ships/AIDAcosma-2076
AIDAcosma,2076,AIDA Cruises,,2026-07-17,8,2026-07-25,"Palma de Mallorca, Majorca Island Balearic Spain",77,balearic-majorca-mallorca-palma-spain,05:00,22:00,False,False,False,False,https://www.cruisemapper.com/ships/AIDAcosma-2076
AIDAcosma,2076,AIDA Cruises,,2026-07-17,9,2026-07-27,"La Spezia, Italy Riviera",160,italy-riviera-spezia,07:00,18:00,False,False,False,False,https://www.cruisemapper.com/ships/AIDAcosma-2076
AIDAcosma,2076,AIDA Cruises,,2026-07-17,10,2026-07-28,"Civitavecchia-Rome, Italy",81,civitavecchia-italy-rome,08:00,,False,False,True,False,https://www.cruisemapper.com/ships/AIDAcosma-2076
AIDAdiva,659,AIDA Cruises,,2026-08-01,1,2026-08-01,"Warnemunde-Rostock, Germany",52,germany-rostock-warnemunde,,17:00,False,True,False,False,https://www.cruisemapper.com/ships/AIDAdiva-659
AIDAdiva,659,AIDA Cruises,,2026-08-01,2,2026-08-03,"Kristiansand, Norway",218,kristiansand-norway,07:00,17:00,False,False,False,False,https://www.cruisemapper.com/ships/AIDAdiva-659
AIDAdiva,659,AIDA Cruises,,2026-08-01,3,2026-08-04,"Haugesund, Norway",239,haugesund-norway,08:00,18:00,False,False,False,False,https://www.cruisemapper.com/ships/AIDAdiva-659
AIDAdiva,659,AIDA Cruises,,2026-08-01,4,2026-08-05,"Vikoyri, Sognefjord, Norway",4307,norway-sognefjord-vikoyri,08:00,18:00,False,False,False,False,https://www.cruisemapper.com/ships/AIDAdiva-659
AIDAdiva,659,AIDA Cruises,,2026-08-01,5,2026-08-06,"Eidfjord, Norway Hardangerfjord",164,eidfjord-hardangerfjord-norway,09:00,17:00,False,False,False,False,https://www.cruisemapper.com/ships/AIDAdiva-659
AIDAdiva,659,AIDA Cruises,,2026-08-01,6,2026-08-08,"Warnemunde-Rostock, Germany",52,germany-rostock-warnemunde,08:00,,False,False,True,False,https://www.cruisemapper.com/ships/AIDAdiva-659
AIDAluna,716,AIDA Cruises,,2026-07-07,1,2026-07-07,"Hamburg, Germany",55,germany-hamburg,,18:00,False,True,False,False,https://www.cruisemapper.com/ships/AIDAluna-716
AIDAluna,716,AIDA Cruises,,2026-07-07,2,2026-07-09,"Lerwick, Mainland Shetland, Scotland",701,lerwick-mainland-scotland-shetland,09:00,19:00,False,False,False,False,https://www.cruisemapper.com/ships/AIDAluna-716
AIDAluna,716,AIDA Cruises,,2026-07-07,3,2026-07-12,"Reykjavik, Iceland",545,iceland-reykjavik,08:00,20:00,False,False,False,False,https://www.cruisemapper.com/ships/AIDAluna-716
AIDAluna,716,AIDA Cruises,,2026-07-07,4,2026-07-13,"Isafjordur, Westfjords Iceland",703,iceland-isafjordur-westfjords,10:00,18:00,False,False,False,False,https://www.cruisemapper.com/ships/AIDAluna-716
AIDAluna,716,AIDA Cruises,,2026-07-07,5,2026-07-14,"Akureyri, Iceland, Lake Myvatn",702,akureyri-iceland-lake-myvatn,07:00,17:00,False,False,False,False,https://www.cruisemapper.com/ships/AIDAluna-716
AIDAluna,716,AIDA Cruises,,2026-07-07,6,2026-07-17,"Longyearbyen, Spitsbergen, Svalbard Norway",897,longyearbyen-norway-spitsbergen-svalbard,10:00,13:00,False,False,False,False,https://www.cruisemapper.com/ships/AIDAluna-716
AIDAluna,716,AIDA Cruises,,2026-07-07,7,2026-07-19,"Honningsvag, Mageroya Island Norway",203,honningsvag-mageroya-norway,23:00,06:00,False,False,False,False,https://www.cruisemapper.com/ships/AIDAluna-716
AIDAluna,716,AIDA Cruises,,2026-07-07,8,2026-07-20,"Hammerfest, Norway",150,hammerfest-norway,13:00,21:00,False,False,False,False,https://www.cruisemapper.com/ships/AIDAluna-716
AIDAluna,716,AIDA Cruises,,2026-07-07,9,2026-07-21,"Tromso, Norway",151,norway-tromso,09:00,18:00,False,False,False,False,https://www.cruisemapper.com/ships/AIDAluna-716
AIDAluna,716,AIDA Cruises,,2026-07-07,10,2026-07-22,"Leknes-Gravdal, Vestvagoy Island Lofoten Norway",1140,gravdal-leknes-lofoten-norway-vestvagoy,10:00,20:00,False,False,False,False,https://www.cruisemapper.com/ships/AIDAluna-716
AIDAluna,716,AIDA Cruises,,2026-07-07,11,2026-07-24,"Maloy, Vagsoy Island Norway",186,maloy-norway-vagsoy,07:00,13:00,False,False,False,False,https://www.cruisemapper.com/ships/AIDAluna-716
AIDAluna,716,AIDA Cruises,,2026-07-07,12,2026-07-26,"Hamburg, Germany",55,germany-hamburg,08:00,,False,False,True,False,https://www.cruisemapper.com/ships/AIDAluna-716
AIDAmar,663,AIDA Cruises,,2026-07-31,1,2026-07-31,"Warnemunde-Rostock, Germany",52,germany-rostock-warnemunde,,17:00,False,True,False,False,https://www.cruisemapper.com/ships/AIDAmar-663
AIDAmar,663,AIDA Cruises,,2026-07-31,2,2026-08-02,"Kristiansand, Norway",218,kristiansand-norway,07:00,17:00,False,False,False,False,https://www.cruisemapper.com/ships/AIDAmar-663
AIDAmar,663,AIDA Cruises,,2026-07-31,3,2026-08-03,"Bergen, Norway",548,bergen-norway,11:30,20:00,False,False,False,False,https://www.cruisemapper.com/ships/AIDAmar-663
AIDAmar,663,AIDA Cruises,,2026-07-31,4,2026-08-04,"Maloy, Vagsoy Island Norway",186,maloy-norway-vagsoy,08:00,17:00,False,False,False,False,https://www.cruisemapper.com/ships/AIDAmar-663
AIDAmar,663,AIDA Cruises,,2026-07-31,5,2026-08-05,"Skjolden, Sognefjord, Norway",837,norway-skjolden-sognefjord,10:00,20:00,False,False,False,False,https://www.cruisemapper.com/ships/AIDAmar-663
AIDAmar,663,AIDA Cruises,,2026-07-31,6,2026-08-06,"Vikoyri, Sognefjord, Norway",4307,norway-sognefjord-vikoyri,07:00,17:00,False,False,False,False,https://www.cruisemapper.com/ships/AIDAmar-663
AIDAmar,663,AIDA Cruises,,2026-07-31,7,2026-08-07,"Eidfjord, Norway Hardangerfjord",164,eidfjord-hardangerfjord-norway,09:00,17:00,False,False,False,False,https://www.cruisemapper.com/ships/AIDAmar-663
AIDAmar,663,AIDA Cruises,,2026-07-31,8,2026-08-09,"Warnemunde-Rostock, Germany",52,germany-rostock-warnemunde,08:00,,False,False,True,False,https://www.cruisemapper.com/ships/AIDAmar-663
AIDAnova,1854,AIDA Cruises,,2026-07-18,1,2026-07-18,"Kiel, Germany",45,germany-kiel,,17:00,False,True,False,False,https://www.cruisemapper.com/ships/AIDAnova-1854
AIDAnova,1854,AIDA Cruises,,2026-07-18,2,2026-07-20,"Oslo, Norway",57,norway-oslo,08:00,18:00,False,False,False,False,https://www.cruisemapper.com/ships/AIDAnova-1854
AIDAnova,1854,AIDA Cruises,,2026-07-18,3,2026-07-21,"Skagen, Denmark",184,denmark-skagen,08:00,18:00,False,False,False,False,https://www.cruisemapper.com/ships/AIDAnova-1854
AIDAnova,1854,AIDA Cruises,,2026-07-18,4,2026-07-22,"Copenhagen, Denmark",58,copenhagen-denmark,08:00,18:00,False,False,False,False,https://www.cruisemapper.com/ships/AIDAnova-1854
AIDAnova,1854,AIDA Cruises,,2026-07-18,5,2026-07-24,"Aarhus, Denmark",48,aarhus-denmark,08:00,18:00,False,False,False,False,https://www.cruisemapper.com/ships/AIDAnova-1854
AIDAnova,1854,AIDA Cruises,,2026-07-18,6,2026-07-25,"Kiel, Germany",45,germany-kiel,08:00,17:00,False,False,False,False,https://www.cruisemapper.com/ships/AIDAnova-1854
AIDAnova,1854,AIDA Cruises,,2026-07-18,7,2026-07-27,"Bergen, Norway",548,bergen-norway,09:00,17:30,False,False,False,False,https://www.cruisemapper.com/ships/AIDAnova-1854
AIDAnova,1854,AIDA Cruises,,2026-07-18,8,2026-07-28,"Nordfjordeid, Norway",14114,nordfjordeid-norway,08:00,18:00,False,False,False,False,https://www.cruisemapper.com/ships/AIDAnova-1854
AIDAnova,1854,AIDA Cruises,,2026-07-18,9,2026-07-29,"Alesund, Norway",156,alesund-norway,07:00,16:00,False,False,False,False,https://www.cruisemapper.com/ships/AIDAnova-1854
AIDAnova,1854,AIDA Cruises,,2026-07-18,10,2026-07-30,"Stavanger, Norway",181,norway-stavanger,10:00,20:00,False,False,False,False,https://www.cruisemapper.com/ships/AIDAnova-1854
AIDAnova,1854,AIDA Cruises,,2026-07-18,11,2026-08-01,"Kiel, Germany",45,germany-kiel,08:00,,False,False,True,False,https://www.cruisemapper.com/ships/AIDAnova-1854
AIDAperla,1243,AIDA Cruises,,2026-07-25,1,2026-07-25,"Hamburg, Germany",55,germany-hamburg,,17:00,False,True,False,False,https://www.cruisemapper.com/ships/AIDAperla-1243
AIDAperla,1243,AIDA Cruises,,2026-07-25,2,2026-07-27,"Southampton, England",115,england-southampton,08:30,20:30,False,False,False,False,https://www.cruisemapper.com/ships/AIDAperla-1243
AIDAperla,1243,AIDA Cruises,,2026-07-25,3,2026-07-28,"Le Havre-Paris, France",47,france-havre-paris,08:00,20:00,False,False,False,False,https://www.cruisemapper.com/ships/AIDAperla-1243
AIDAperla,1243,AIDA Cruises,,2026-07-25,4,2026-07-29,"Zeebrugge, Bruges, Belgium",50,belgium-bruges-zeebrugge,10:00,19:00,False,False,False,False,https://www.cruisemapper.com/ships/AIDAperla-1243
AIDAperla,1243,AIDA Cruises,,2026-07-25,5,2026-07-30,"Rotterdam, Netherlands South Holland",54,holland-netherlands-rotterdam-south,08:00,22:00,False,False,False,False,https://www.cruisemapper.com/ships/AIDAperla-1243
AIDAperla,1243,AIDA Cruises,,2026-07-25,6,2026-08-01,"Hamburg, Germany",55,germany-hamburg,08:00,,False,False,True,False,https://www.cruisemapper.com/ships/AIDAperla-1243
AIDAprima,747,AIDA Cruises,,2026-08-02,1,2026-08-02,"Hamburg, Germany",55,germany-hamburg,,17:00,False,True,False,False,https://www.cruisemapper.com/ships/AIDAprima-747
AIDAprima,747,AIDA Cruises,,2026-08-02,2,2026-08-04,"Stavanger, Norway",181,norway-stavanger,07:30,17:30,False,False,False,False,https://www.cruisemapper.com/ships/AIDAprima-747
AIDAprima,747,AIDA Cruises,,2026-08-02,3,2026-08-05,"Norwegian fjords cruising, Norway",,cruising-fjords-norway-norwegian,,,False,False,False,False,https://www.cruisemapper.com/ships/AIDAprima-747
AIDAprima,747,AIDA Cruises,,2026-08-02,4,2026-08-05,"Flam, Norway",1361,flam-norway,10:00,20:00,False,False,False,False,https://www.cruisemapper.com/ships/AIDAprima-747
AIDAprima,747,AIDA Cruises,,2026-08-02,5,2026-08-06,"Maloy, Vagsoy Island Norway",186,maloy-norway-vagsoy,09:00,18:30,False,False,False,False,https://www.cruisemapper.com/ships/AIDAprima-747
AIDAprima,747,AIDA Cruises,,2026-08-02,6,2026-08-07,"Trondheim, Norway",189,norway-trondheim,10:00,20:00,False,False,False,False,https://www.cruisemapper.com/ships/AIDAprima-747
AIDAprima,747,AIDA Cruises,,2026-08-02,7,2026-08-08,"Molde, Norway",187,molde-norway,08:00,18:00,False,False,False,False,https://www.cruisemapper.com/ships/AIDAprima-747
AIDAprima,747,AIDA Cruises,,2026-08-02,8,2026-08-09,"Norwegian fjords cruising, Norway",,cruising-fjords-norway-norwegian,,,False,False,False,False,https://www.cruisemapper.com/ships/AIDAprima-747
AIDAprima,747,AIDA Cruises,,2026-08-02,9,2026-08-09,"Geiranger, Norway",547,geiranger-norway,08:00,18:00,False,False,False,False,https://www.cruisemapper.com/ships/AIDAprima-747
AIDAprima,747,AIDA Cruises,,2026-08-02,10,2026-08-10,"Alesund, Norway",156,alesund-norway,08:00,18:00,False,False,False,False,https://www.cruisemapper.com/ships/AIDAprima-747
AIDAprima,747,AIDA Cruises,,2026-08-02,11,2026-08-11,"Haugesund, Norway",239,haugesund-norway,10:30,19:30,False,False,False,False,https://www.cruisemapper.com/ships/AIDAprima-747
AIDAprima,747,AIDA Cruises,,2026-08-02,12,2026-08-13,"Hamburg, Germany",55,germany-hamburg,08:00,,False,False,True,False,https://www.cruisemapper.com/ships/AIDAprima-747
AIDAsol,732,AIDA Cruises,,2026-08-19,1,2026-08-19,"Hamburg, Germany",55,germany-hamburg,,17:00,False,True,False,False,https://www.cruisemapper.com/ships/AIDAsol-732
AIDAsol,732,AIDA Cruises,,2026-08-19,2,2026-08-21,"Newcastle upon Tyne, England",112,england-newcastle-tyne-upon,07:00,16:30,False,False,False,False,https://www.cruisemapper.com/ships/AIDAsol-732
AIDAsol,732,AIDA Cruises,,2026-08-19,3,2026-08-22,"Aberdeen, Scotland",3285,aberdeen-scotland,05:00,18:00,False,False,False,False,https://www.cruisemapper.com/ships/AIDAsol-732
AIDAsol,732,AIDA Cruises,,2026-08-19,4,2026-08-23,"Lerwick, Mainland Shetland, Scotland",701,lerwick-mainland-scotland-shetland,08:00,17:00,False,False,False,False,https://www.cruisemapper.com/ships/AIDAsol-732
AIDAsol,732,AIDA Cruises,,2026-08-19,5,2026-08-24,"Maloy, Vagsoy Island Norway",186,maloy-norway-vagsoy,10:00,18:00,False,False,False,False,https://www.cruisemapper.com/ships/AIDAsol-732
AIDAsol,732,AIDA Cruises,,2026-08-19,6,2026-08-25,"Haugesund, Norway",239,haugesund-norway,11:00,19:30,False,False,False,False,https://www.cruisemapper.com/ships/AIDAsol-732
AIDAsol,732,AIDA Cruises,,2026-08-19,7,2026-08-26,"Kristiansand, Norway",218,kristiansand-norway,10:00,20:00,False,False,False,False,https://www.cruisemapper.com/ships/AIDAsol-732
AIDAsol,732,AIDA Cruises,,2026-08-19,8,2026-08-28,"Hamburg, Germany",55,germany-hamburg,08:00,,False,False,True,False,https://www.cruisemapper.com/ships/AIDAsol-732
AIDAstella,715,AIDA Cruises,,2026-07-19,1,2026-07-19,"Palma de Mallorca, Majorca Island Balearic Spain",77,balearic-majorca-mallorca-palma-spain,,22:00,False,True,False,False,https://www.cruisemapper.com/ships/AIDAstella-715
AIDAstella,715,AIDA Cruises,,2026-07-19,2,2026-07-21,"Malaga, Spain Granada",75,granada-malaga-spain,08:30,18:00,False,False,False,False,https://www.cruisemapper.com/ships/AIDAstella-715
AIDAstella,715,AIDA Cruises,,2026-07-19,3,2026-07-22,"Cadiz, Spain, Sevilla",627,cadiz-sevilla-spain,08:00,18:00,False,False,False,False,https://www.cruisemapper.com/ships/AIDAstella-715
AIDAstella,715,AIDA Cruises,,2026-07-19,4,2026-07-23,"Lisbon, Portugal",65,lisbon-portugal,14:30,16:00,False,False,False,False,https://www.cruisemapper.com/ships/AIDAstella-715
AIDAstella,715,AIDA Cruises,,2026-07-19,5,2026-07-26,"Cartagena Spain, Murcia",338,cartagena-murcia-spain,10:00,17:00,False,False,False,False,https://www.cruisemapper.com/ships/AIDAstella-715
AIDAstella,715,AIDA Cruises,,2026-07-19,6,2026-07-27,"Valencia, Spain",678,spain-valencia,09:00,17:00,False,False,False,False,https://www.cruisemapper.com/ships/AIDAstella-715
AIDAstella,715,AIDA Cruises,,2026-07-19,7,2026-07-28,"Barcelona, Spain",82,barcelona-spain,08:30,17:30,False,False,False,False,https://www.cruisemapper.com/ships/AIDAstella-715
AIDAstella,715,AIDA Cruises,,2026-07-19,8,2026-07-29,"Port Mahon, Menorca Island Balearic Spain",1368,balearic-mahon-menorca-spain,09:30,19:00,False,False,False,False,https://www.cruisemapper.com/ships/AIDAstella-715
AIDAstella,715,AIDA Cruises,,2026-07-19,9,2026-07-30,"Palma de Mallorca, Majorca Island Balearic Spain",77,balearic-majorca-mallorca-palma-spain,05:00,,False,False,True,False,https://www.cruisemapper.com/ships/AIDAstella-715
APT Mekong Serenity,1510,APT River Cruises Travelmarvel,,2026-08-08,1,2026-08-07,flight,,flight,,,False,False,False,False,https://www.cruisemapper.com/ships/APT-Mekong-Serenity-1510
APT Mekong Serenity,1510,APT River Cruises Travelmarvel,,2026-08-08,2,2026-08-08,"Siem Reap, Cambodia, Angkor Wat-Thom",3651,angkor-cambodia-reap-siem-thom-wat,,,False,True,False,False,https://www.cruisemapper.com/ships/APT-Mekong-Serenity-1510
APT Mekong Serenity,1510,APT River Cruises Travelmarvel,,2026-08-08,3,2026-08-12,"Angkor Ban, Cambodia",5701,angkor-ban-cambodia,,,False,False,False,False,https://www.cruisemapper.com/ships/APT-Mekong-Serenity-1510
APT Mekong Serenity,1510,APT River Cruises Travelmarvel,,2026-08-08,4,2026-08-13,"Phnom Penh, Cambodia",3645,cambodia-penh-phnom,,,False,False,False,False,https://www.cruisemapper.com/ships/APT-Mekong-Serenity-1510
APT Mekong Serenity,1510,APT River Cruises Travelmarvel,,2026-08-08,5,2026-08-16,"Tan Chau, Mekong Delta, Vietnam",4685,chau-delta-mekong-tan-vietnam,,,False,False,False,False,https://www.cruisemapper.com/ships/APT-Mekong-Serenity-1510
APT Mekong Serenity,1510,APT River Cruises Travelmarvel,,2026-08-08,6,2026-08-17,"Sa Dec, Mekong Delta, Vietnam",4684,dec-delta-mekong-sa-vietnam,,,False,False,False,False,https://www.cruisemapper.com/ships/APT-Mekong-Serenity-1510
APT Mekong Serenity,1510,APT River Cruises Travelmarvel,,2026-08-08,7,2026-08-18,"My Tho, Mekong Delta, Vietnam",2692,delta-mekong-my-tho-vietnam,,,False,False,False,False,https://www.cruisemapper.com/ships/APT-Mekong-Serenity-1510
APT Mekong Serenity,1510,APT River Cruises Travelmarvel,,2026-08-08,8,2026-08-19,"Saigon, Phu My Port-Ho Chi Minh City, Vietnam",167,chi-city-ho-minh-my-phu-saigon-vietnam,,,False,False,True,False,https://www.cruisemapper.com/ships/APT-Mekong-Serenity-1510
APT Mekong Serenity,1510,APT River Cruises Travelmarvel,,2026-08-08,9,2026-08-21,flight,,flight,,,False,False,False,False,https://www.cruisemapper.com/ships/APT-Mekong-Serenity-1510
APT Ostara,2202,APT River Cruises Travelmarvel,,2026-09-25,1,2026-09-25,"Amsterdam, Netherlands North Holland",56,amsterdam-holland-netherlands-north,,,False,True,False,False,https://www.cruisemapper.com/ships/APT-Ostara-2202
APT Ostara,2202,APT River Cruises Travelmarvel,,2026-09-25,2,2026-09-27,"Andernach, Germany Rhineland-Palatinate",3966,andernach-germany-palatinate-rhineland,,,False,False,False,False,https://www.cruisemapper.com/ships/APT-Ostara-2202
APT Ostara,2202,APT River Cruises Travelmarvel,,2026-09-25,3,2026-09-28,"Rudesheim am Rhein, Germany Hesse",1193,am-germany-hesse-rhein-rudesheim,,,False,False,False,False,https://www.cruisemapper.com/ships/APT-Ostara-2202
APT Ostara,2202,APT River Cruises Travelmarvel,,2026-09-25,4,2026-09-29,"Miltenberg, Germany Bavaria",3992,bavaria-germany-miltenberg,,,False,False,False,False,https://www.cruisemapper.com/ships/APT-Ostara-2202
APT Ostara,2202,APT River Cruises Travelmarvel,,2026-09-25,5,2026-09-30,"Wurzburg, Germany Bavaria",4025,bavaria-germany-wurzburg,,,False,False,False,False,https://www.cruisemapper.com/ships/APT-Ostara-2202
APT Ostara,2202,APT River Cruises Travelmarvel,,2026-09-25,6,2026-10-01,"Bamberg, Germany Bavaria",3969,bamberg-bavaria-germany,,,False,False,False,False,https://www.cruisemapper.com/ships/APT-Ostara-2202
APT Ostara,2202,APT River Cruises Travelmarvel,,2026-09-25,7,2026-10-02,"Nuremberg, Nurnberg, Germany Bavaria",3997,bavaria-germany-nuremberg-nurnberg,,,False,False,False,False,https://www.cruisemapper.com/ships/APT-Ostara-2202
APT Ostara,2202,APT River Cruises Travelmarvel,,2026-09-25,8,2026-10-03,"Regensburg, Germany Bavaria",4006,bavaria-germany-regensburg,,,False,False,False,False,https://www.cruisemapper.com/ships/APT-Ostara-2202
APT Ostara,2202,APT River Cruises Travelmarvel,,2026-09-25,9,2026-10-04,"Passau, Germany Bavaria",4000,bavaria-germany-passau,,,False,False,False,False,https://www.cruisemapper.com/ships/APT-Ostara-2202
APT Ostara,2202,APT River Cruises Travelmarvel,,2026-09-25,10,2026-10-05,"Durnstein, Austria",3605,austria-durnstein,,,False,False,False,False,https://www.cruisemapper.com/ships/APT-Ostara-2202
APT Ostara,2202,APT River Cruises Travelmarvel,,2026-09-25,11,2026-10-06,"Vienna, Wien, Austria",3609,austria-vienna-wien,,,False,False,False,False,https://www.cruisemapper.com/ships/APT-Ostara-2202
APT Ostara,2202,APT River Cruises Travelmarvel,,2026-09-25,12,2026-10-08,"Budapest, Hungary",4091,budapest-hungary,,,False,False,True,False,https://www.cruisemapper.com/ships/APT-Ostara-2202
APT Solara,2203,APT River Cruises Travelmarvel,,2026-08-20,1,2026-08-20,"Munich, Munchen, Germany Bavaria",2100,bavaria-germany-munchen-munich,,,False,True,False,False,https://www.cruisemapper.com/ships/APT-Solara-2203
APT Solara,2203,APT River Cruises Travelmarvel,,2026-08-20,2,2026-08-21,"Nuremberg, Nurnberg, Germany Bavaria",3997,bavaria-germany-nuremberg-nurnberg,,,False,False,False,False,https://www.cruisemapper.com/ships/APT-Solara-2203
APT Solara,2203,APT River Cruises Travelmarvel,,2026-08-20,3,2026-08-22,"Regensburg, Germany Bavaria",4006,bavaria-germany-regensburg,,,False,False,False,False,https://www.cruisemapper.com/ships/APT-Solara-2203
APT Solara,2203,APT River Cruises Travelmarvel,,2026-08-20,4,2026-08-23,"Passau, Germany Bavaria",4000,bavaria-germany-passau,,,False,False,False,False,https://www.cruisemapper.com/ships/APT-Solara-2203
APT Solara,2203,APT River Cruises Travelmarvel,,2026-08-20,5,2026-08-24,"Durnstein, Austria",3605,austria-durnstein,,,False,False,False,False,https://www.cruisemapper.com/ships/APT-Solara-2203
APT Solara,2203,APT River Cruises Travelmarvel,,2026-08-20,6,2026-08-25,"Vienna, Wien, Austria",3609,austria-vienna-wien,,,False,False,False,False,https://www.cruisemapper.com/ships/APT-Solara-2203
APT Solara,2203,APT River Cruises Travelmarvel,,2026-08-20,7,2026-08-27,"Budapest, Hungary",4091,budapest-hungary,,,False,False,True,False,https://www.cruisemapper.com/ships/APT-Solara-2203
Adora Mediterranea,719,Adora China Cruises,,2023-09-30,1,2023-01-30,Singapore,,singapore,,20:00,False,True,False,False,https://www.cruisemapper.com/ships/Adora-Mediterranea-719
Adora Mediterranea,719,Adora China Cruises,,2023-09-30,2,2023-02-01,"Langkawi Island, Malaysia",488,langkawi-malaysia,08:00,19:00,False,False,False,False,https://www.cruisemapper.com/ships/Adora-Mediterranea-719
Adora Mediterranea,719,Adora China Cruises,,2023-09-30,3,2023-02-02,"Phuket, Thailand",484,phuket-thailand,07:00,18:00,False,False,False,False,https://www.cruisemapper.com/ships/Adora-Mediterranea-719
Adora Mediterranea,719,Adora China Cruises,,2023-09-30,4,2023-02-04,"Penang Island, Malaysia",1371,malaysia-penang,08:00,18:00,False,False,False,False,https://www.cruisemapper.com/ships/Adora-Mediterranea-719
Adora Mediterranea,719,Adora China Cruises,,2023-09-30,5,2023-02-05,"Klang-Kuala Lumpur, Malaysia",1436,klang-kuala-lumpur-malaysia,08:00,18:00,False,False,False,False,https://www.cruisemapper.com/ships/Adora-Mediterranea-719
Adora Mediterranea,719,Adora China Cruises,,2023-09-30,6,2023-02-06,Singapore,,singapore,09:00,20:00,False,False,False,False,https://www.cruisemapper.com/ships/Adora-Mediterranea-719
Adora Mediterranea,719,Adora China Cruises,,2023-09-30,7,2023-02-08,"Koh Samui Island, Thailand",396,koh-samui-thailand,08:00,18:00,False,False,False,False,https://www.cruisemapper.com/ships/Adora-Mediterranea-719
Adora Mediterranea,719,Adora China Cruises,,2023-09-30,8,2023-02-09,"Laem Chabang-Bangkok, Thailand",14,bangkok-chabang-laem-thailand,07:00,18:00,False,False,False,False,https://www.cruisemapper.com/ships/Adora-Mediterranea-719
Adora Mediterranea,719,Adora China Cruises,,2023-09-30,9,2023-02-11,"Sihanoukville, Cambodia",577,cambodia-sihanoukville,09:00,18:00,False,False,False,False,https://www.cruisemapper.com/ships/Adora-Mediterranea-719
Adora Mediterranea,719,Adora China Cruises,,2023-09-30,10,2023-02-13,Singapore,,singapore,09:00,,False,False,True,False,https://www.cruisemapper.com/ships/Adora-Mediterranea-719
Adventure Of The Seas,533,Royal Caribbean,,2026-07-24,1,2026-07-24,"Port Canaveral, Orlando, Florida",42,canaveral-florida-orlando,,16:00,False,True,False,False,https://www.cruisemapper.com/ships/Adventure-Of-The-Seas-533
Adventure Of The Seas,533,Royal Caribbean,,2026-07-24,2,2026-07-25,"Coco Cay, Bahamas, Royal Caribbean",392,bahamas-caribbean-cay-coco-royal,07:00,17:00,False,False,False,False,https://www.cruisemapper.com/ships/Adventure-Of-The-Seas-533
Adventure Of The Seas,533,Royal Caribbean,,2026-07-24,3,2026-07-27,"San Juan, Puerto Rico",39,juan-puerto-rico-san,11:30,19:00,False,False,False,False,https://www.cruisemapper.com/ships/Adventure-Of-The-Seas-533
Adventure Of The Seas,533,Royal Caribbean,,2026-07-24,4,2026-07-28,"St Thomas Island USVI, Charlotte Amalie, US Virgin Islands",604,amalie-charlotte-islands-st-thomas-us-usvi-virgin,08:00,18:00,False,False,False,False,https://www.cruisemapper.com/ships/Adventure-Of-The-Seas-533
Adventure Of The Seas,533,Royal Caribbean,,2026-07-24,5,2026-07-29,"St Croix Island USVI, Frederiksted-Christiansted, US Virgin Islands",823,christiansted-croix-frederiksted-islands-st-us-usvi-virgin,08:00,17:00,False,False,False,False,https://www.cruisemapper.com/ships/Adventure-Of-The-Seas-533
Adventure Of The Seas,533,Royal Caribbean,,2026-07-24,6,2026-08-01,"Port Canaveral, Orlando, Florida",42,canaveral-florida-orlando,07:00,,False,False,True,False,https://www.cruisemapper.com/ships/Adventure-Of-The-Seas-533
African Dream,1857,CroisiEurope,,2026-08-11,1,2026-08-11,"Johannesburg, South Africa",,africa-johannesburg-south,,,False,False,False,False,https://www.cruisemapper.com/ships/African-Dream-1857
African Dream,1857,CroisiEurope,,2026-08-11,2,2026-08-12,"Chobe National Park, Botswana",9493,botswana-chobe-national-park,,,False,True,False,False,https://www.cruisemapper.com/ships/African-Dream-1857
African Dream,1857,CroisiEurope,,2026-08-11,3,2026-08-15,"Kasane, Botswana",2191,botswana-kasane,,,False,False,False,False,https://www.cruisemapper.com/ships/African-Dream-1857
African Dream,1857,CroisiEurope,,2026-08-11,4,2026-08-18,"Victoria Falls, Zimbabwe",10130,falls-victoria-zimbabwe,,,False,False,True,False,https://www.cruisemapper.com/ships/African-Dream-1857
Albatros,672,Scrapped Cruise Ships,,2020-10-08,1,2020-10-08,"Bremerhaven, Germany",,bremerhaven-germany,,18:00,False,True,False,False,https://www.cruisemapper.com/ships/Albatros-672
Albatros,672,Scrapped Cruise Ships,,2020-10-08,2,2020-10-10,"Le Havre (Paris), France",,france-havre-paris,07:00,20:00,False,False,False,False,https://www.cruisemapper.com/ships/Albatros-672
Albatros,672,Scrapped Cruise Ships,,2020-10-08,3,2020-10-12,"La Coruna, Spain",,coruna-spain,10:00,18:00,False,False,False,False,https://www.cruisemapper.com/ships/Albatros-672
Albatros,672,Scrapped Cruise Ships,,2020-10-08,4,2020-10-13,"Porto-Leixoes, Portugal",,leixoes-porto-portugal,09:00,18:00,False,False,False,False,https://www.cruisemapper.com/ships/Albatros-672
Albatros,672,Scrapped Cruise Ships,,2020-10-08,5,2020-10-14,"Lisbon, Portugal",,lisbon-portugal,09:00,19:00,False,False,False,False,https://www.cruisemapper.com/ships/Albatros-672
Albatros,672,Scrapped Cruise Ships,,2020-10-08,6,2020-10-16,"Agadir, Morocco",,agadir-morocco,07:00,21:00,False,False,False,False,https://www.cruisemapper.com/ships/Albatros-672
Albatros,672,Scrapped Cruise Ships,,2020-10-08,7,2020-10-17,"Arrecife, Lanzarote, Canary Islands",,arrecife-canary-islands-lanzarote,13:00,20:00,False,False,False,False,https://www.cruisemapper.com/ships/Albatros-672
Albatros,672,Scrapped Cruise Ships,,2020-10-08,8,2020-10-18,"Santa Cruz de la Palma, Canary Islands",,canary-cruz-islands-palma-santa,08:00,22:00,False,False,False,False,https://www.cruisemapper.com/ships/Albatros-672
Albatros,672,Scrapped Cruise Ships,,2020-10-08,9,2020-10-19,"San Sebastian de la Gomera, Canary Islands",,canary-gomera-islands-san-sebastian,07:00,14:30,False,False,False,False,https://www.cruisemapper.com/ships/Albatros-672
Albatros,672,Scrapped Cruise Ships,,2020-10-08,10,2020-10-19,"Santa Cruz de Tenerife, Canary Islands",,canary-cruz-islands-santa-tenerife,17:00,23:00,False,False,False,False,https://www.cruisemapper.com/ships/Albatros-672
Albatros,672,Scrapped Cruise Ships,,2020-10-08,11,2020-10-20,"Santa Cruz de la Palma, Canary Islands",,canary-cruz-islands-palma-santa,08:00,14:00,False,False,False,False,https://www.cruisemapper.com/ships/Albatros-672
Albatros,672,Scrapped Cruise Ships,,2020-10-08,12,2020-10-21,"Funchal, Madeira Island, Portugal",,funchal-madeira-portugal,08:00,23:00,False,False,False,False,https://www.cruisemapper.com/ships/Albatros-672
Albatros,672,Scrapped Cruise Ships,,2020-10-08,13,2020-10-22,"Porto Santo Island, Madeira, Portugal",,madeira-porto-portugal-santo,08:00,14:00,False,False,False,False,https://www.cruisemapper.com/ships/Albatros-672
Albatros,672,Scrapped Cruise Ships,,2020-10-08,14,2020-10-26,"Dover, England",,dover-england,08:00,19:00,False,False,False,False,https://www.cruisemapper.com/ships/Albatros-672
Albatros,672,Scrapped Cruise Ships,,2020-10-08,15,2020-10-27,"IJmuiden, Holland",1063,holland-ijmuiden,08:00,15:00,False,False,False,False,https://www.cruisemapper.com/ships/Albatros-672
Albatros,672,Scrapped Cruise Ships,,2020-10-08,16,2020-10-28,Bremerhaven,,bremerhaven,09:00,,False,False,True,False,https://www.cruisemapper.com/ships/Albatros-672
Allure Of The Seas,662,Royal Caribbean,,2026-07-25,1,2026-07-25,"Fort Lauderdale, Port Everglades, Florida",44,everglades-florida-fort-lauderdale,,16:00,False,True,False,False,https://www.cruisemapper.com/ships/Allure-Of-The-Seas-662
Allure Of The Seas,662,Royal Caribbean,,2026-07-25,2,2026-07-28,"Basseterre St Kitts, Port Zante",464,basseterre-kitts-st-zante,08:00,18:00,False,False,False,False,https://www.cruisemapper.com/ships/Allure-Of-The-Seas-662
Allure Of The Seas,662,Royal Caribbean,,2026-07-25,3,2026-07-29,"Philipsburg St Maarten, Netherlands Antilles",594,antilles-maarten-netherlands-philipsburg-st,08:00,17:00,False,False,False,False,https://www.cruisemapper.com/ships/Allure-Of-The-Seas-662
Allure Of The Seas,662,Royal Caribbean,,2026-07-25,4,2026-07-30,"St Thomas Island USVI, Charlotte Amalie, US Virgin Islands",604,amalie-charlotte-islands-st-thomas-us-usvi-virgin,07:00,14:30,False,False,False,False,https://www.cruisemapper.com/ships/Allure-Of-The-Seas-662
Allure Of The Seas,662,Royal Caribbean,,2026-07-25,5,2026-08-01,"Coco Cay, Bahamas, Royal Caribbean",392,bahamas-caribbean-cay-coco-royal,08:30,17:00,False,False,False,False,https://www.cruisemapper.com/ships/Allure-Of-The-Seas-662
Allure Of The Seas,662,Royal Caribbean,,2026-07-25,6,2026-08-02,"Fort Lauderdale, Port Everglades, Florida",44,everglades-florida-fort-lauderdale,06:00,,False,False,True,False,https://www.cruisemapper.com/ships/Allure-Of-The-Seas-662
AmaBella,986,AmaWaterways,,2026-07-20,1,2026-07-20,"Budapest, Hungary",4091,budapest-hungary,,,False,True,False,False,https://www.cruisemapper.com/ships/AmaBella-986
AmaBella,986,AmaWaterways,,2026-07-20,2,2026-07-21,"Mohacs, Villany-Pecs, Hungary",4093,hungary-mohacs-pecs-villany,,,False,False,False,False,https://www.cruisemapper.com/ships/AmaBella-986
AmaBella,986,AmaWaterways,,2026-07-20,3,2026-07-22,"Vukovar, Croatia",4689,croatia-vukovar,,,False,False,False,False,https://www.cruisemapper.com/ships/AmaBella-986
AmaBella,986,AmaWaterways,,2026-07-20,4,2026-07-23,"Belgrade, Serbia",2107,belgrade-serbia,,,False,False,False,False,https://www.cruisemapper.com/ships/AmaBella-986
AmaBella,986,AmaWaterways,,2026-07-20,5,2026-07-24,"Iron Gate, Serbia-Romania",4354,gate-iron-romania-serbia,,,False,False,False,False,https://www.cruisemapper.com/ships/AmaBella-986
AmaBella,986,AmaWaterways,,2026-07-20,6,2026-07-25,"Vidin, Bulgaria",133,bulgaria-vidin,,,False,False,False,False,https://www.cruisemapper.com/ships/AmaBella-986
AmaBella,986,AmaWaterways,,2026-07-20,7,2026-07-26,"Ruse, Rousse-Russe, Bulgaria",2110,bulgaria-rousse-ruse-russe,,,False,False,False,False,https://www.cruisemapper.com/ships/AmaBella-986
AmaBella,986,AmaWaterways,,2026-07-20,8,2026-07-27,"Giurgiu, Romania",4352,giurgiu-romania,,,False,False,True,False,https://www.cruisemapper.com/ships/AmaBella-986
AmaCello,987,AmaWaterways,,2026-07-23,1,2026-07-23,"Dijon, France",2633,dijon-france,,,False,True,False,False,https://www.cruisemapper.com/ships/AmaCello-987
AmaCello,987,AmaWaterways,,2026-07-23,2,2026-07-25,"Seurre, France",9640,france-seurre,,,False,False,False,False,https://www.cruisemapper.com/ships/AmaCello-987
AmaCello,987,AmaWaterways,,2026-07-23,3,2026-07-25,"Chalon-sur-Saone, France",3837,chalon-france-saone-sur,,,False,False,False,False,https://www.cruisemapper.com/ships/AmaCello-987
AmaCello,987,AmaWaterways,,2026-07-23,4,2026-07-26,"Tournus, France",3927,france-tournus,,,False,False,False,False,https://www.cruisemapper.com/ships/AmaCello-987
AmaCello,987,AmaWaterways,,2026-07-23,5,2026-07-27,"Macon, France",3881,france-macon,,,False,False,False,False,https://www.cruisemapper.com/ships/AmaCello-987
AmaCello,987,AmaWaterways,,2026-07-23,6,2026-07-29,"Lyon, France",3880,france-lyon,,,False,False,True,False,https://www.cruisemapper.com/ships/AmaCello-987
AmaCerto,988,AmaWaterways,,2026-07-22,1,2026-07-22,"Basel, Zurich, Switzerland",4482,basel-switzerland-zurich,,,False,True,False,False,https://www.cruisemapper.com/ships/AmaCerto-988
AmaCerto,988,AmaWaterways,,2026-07-22,2,2026-07-23,"Breisach am Rhein, Germany Baden-Wurttemberg",3973,am-baden-breisach-germany-rhein-wurttemberg,,,False,False,False,False,https://www.cruisemapper.com/ships/AmaCerto-988
AmaCerto,988,AmaWaterways,,2026-07-22,3,2026-07-24,"Kehl-Strasbourg, Germany Baden-Wurttemberg",3920,baden-germany-kehl-strasbourg-wurttemberg,,,False,False,False,False,https://www.cruisemapper.com/ships/AmaCerto-988
AmaCerto,988,AmaWaterways,,2026-07-22,4,2026-07-25,"Ludwigshafen am Rhein, Germany Rhineland-Palatinate",13580,am-germany-ludwigshafen-palatinate-rhein-rhineland,,,False,False,False,False,https://www.cruisemapper.com/ships/AmaCerto-988
AmaCerto,988,AmaWaterways,,2026-07-22,5,2026-07-25,"Rudesheim am Rhein, Germany Hesse",1193,am-germany-hesse-rhein-rudesheim,,,False,False,False,False,https://www.cruisemapper.com/ships/AmaCerto-988
AmaCerto,988,AmaWaterways,,2026-07-22,6,2026-07-26,"Lahnstein, Germany Rhineland-Palatinate",13583,germany-lahnstein-palatinate-rhineland,,,False,False,False,False,https://www.cruisemapper.com/ships/AmaCerto-988
AmaCerto,988,AmaWaterways,,2026-07-22,7,2026-07-27,"Monheim am Rhein, Germany North Rhine-Westphalia",14282,am-germany-monheim-north-rhein-rhine-westphalia,,,False,False,False,False,https://www.cruisemapper.com/ships/AmaCerto-988
AmaCerto,988,AmaWaterways,,2026-07-22,8,2026-07-27,"Dusseldorf, Germany North Rhine-Westphalia",2327,dusseldorf-germany-north-rhine-westphalia,,,False,False,False,False,https://www.cruisemapper.com/ships/AmaCerto-988
AmaCerto,988,AmaWaterways,,2026-07-22,9,2026-07-28,"Amsterdam, Netherlands North Holland",56,amsterdam-holland-netherlands-north,,,False,False,True,False,https://www.cruisemapper.com/ships/AmaCerto-988
AmaDahlia,1400,AmaWaterways,,2026-09-02,1,2026-09-02,"Cairo, Egypt",2984,cairo-egypt,,,False,True,False,False,https://www.cruisemapper.com/ships/AmaDahlia-1400
AmaDahlia,1400,AmaWaterways,,2026-09-02,2,2026-09-05,"Luxor, Egypt",2985,egypt-luxor,,,False,False,False,False,https://www.cruisemapper.com/ships/AmaDahlia-1400
AmaDahlia,1400,AmaWaterways,,2026-09-02,3,2026-09-07,"Edfu, Egypt",2986,edfu-egypt,,,False,False,False,False,https://www.cruisemapper.com/ships/AmaDahlia-1400
AmaDahlia,1400,AmaWaterways,,2026-09-02,4,2026-09-08,"Aswan, Egypt",316,aswan-egypt,,,False,False,False,False,https://www.cruisemapper.com/ships/AmaDahlia-1400
AmaDahlia,1400,AmaWaterways,,2026-09-02,5,2026-09-09,"Kom Ombo, Egypt",9675,egypt-kom-ombo,,,False,False,False,False,https://www.cruisemapper.com/ships/AmaDahlia-1400
AmaDahlia,1400,AmaWaterways,,2026-09-02,6,2026-09-10,"Luxor, Egypt",2985,egypt-luxor,,,False,False,False,False,https://www.cruisemapper.com/ships/AmaDahlia-1400
AmaDahlia,1400,AmaWaterways,,2026-09-02,7,2026-09-11,"Dendera-Qena, Egypt",11798,dendera-egypt-qena,,,False,False,False,False,https://www.cruisemapper.com/ships/AmaDahlia-1400
AmaDahlia,1400,AmaWaterways,,2026-09-02,8,2026-09-12,"Luxor, Egypt",2985,egypt-luxor,,,False,False,False,False,https://www.cruisemapper.com/ships/AmaDahlia-1400
AmaDahlia,1400,AmaWaterways,,2026-09-02,9,2026-09-12,"Cairo, Egypt",2984,cairo-egypt,,,False,False,True,False,https://www.cruisemapper.com/ships/AmaDahlia-1400
AmaDante,1003,AmaWaterways,,2026-07-25,1,2026-07-25,"Le Havre-Paris, France",47,france-havre-paris,,,False,True,False,False,https://www.cruisemapper.com/ships/AmaDante-1003
AmaDante,1003,AmaWaterways,,2026-07-25,2,2026-07-27,"Rives-en-Seine, France, Caudebec-en-Caux",4896,caudebec-caux-en-france-rives-seine,,,False,False,False,False,https://www.cruisemapper.com/ships/AmaDante-1003
AmaDante,1003,AmaWaterways,,2026-07-25,3,2026-07-28,"Rouen, France",3937,france-rouen,,,False,False,False,False,https://www.cruisemapper.com/ships/AmaDante-1003
AmaDante,1003,AmaWaterways,,2026-07-25,4,2026-07-29,"Vernon, France",3928,france-vernon,,,False,False,False,False,https://www.cruisemapper.com/ships/AmaDante-1003
AmaDante,1003,AmaWaterways,,2026-07-25,5,2026-07-29,"Chateau de La Roche-Guyon, France",13656,chateau-france-guyon-roche,,,False,False,False,False,https://www.cruisemapper.com/ships/AmaDante-1003
AmaDante,1003,AmaWaterways,,2026-07-25,6,2026-07-30,"Mantes-la-Jolie, France",3895,france-jolie-mantes,,,False,False,False,False,https://www.cruisemapper.com/ships/AmaDante-1003
AmaDante,1003,AmaWaterways,,2026-07-25,7,2026-07-31,"Paris City, France",378,city-france-paris,,,False,False,True,False,https://www.cruisemapper.com/ships/AmaDante-1003
AmaDara,990,AmaWaterways,,2026-08-10,1,2026-08-10,"Saigon, Phu My Port-Ho Chi Minh City, Vietnam",167,chi-city-ho-minh-my-phu-saigon-vietnam,,,False,True,False,False,https://www.cruisemapper.com/ships/AmaDara-990
AmaDara,990,AmaWaterways,,2026-08-10,2,2026-08-10,"My Tho, Mekong Delta, Vietnam",2692,delta-mekong-my-tho-vietnam,,,False,False,False,False,https://www.cruisemapper.com/ships/AmaDara-990
AmaDara,990,AmaWaterways,,2026-08-10,3,2026-08-11,"Cai Be, Mekong Delta, Vietnam",2138,be-cai-delta-mekong-vietnam,,,False,False,False,False,https://www.cruisemapper.com/ships/AmaDara-990
AmaDara,990,AmaWaterways,,2026-08-10,4,2026-08-11,"Sa Dec, Mekong Delta, Vietnam",4684,dec-delta-mekong-sa-vietnam,,,False,False,False,False,https://www.cruisemapper.com/ships/AmaDara-990
AmaDara,990,AmaWaterways,,2026-08-10,5,2026-08-12,"Tan Chau, Mekong Delta, Vietnam",4685,chau-delta-mekong-tan-vietnam,,,False,False,False,False,https://www.cruisemapper.com/ships/AmaDara-990
AmaDara,990,AmaWaterways,,2026-08-10,6,2026-08-13,"Phnom Penh, Cambodia",3645,cambodia-penh-phnom,,,False,False,False,False,https://www.cruisemapper.com/ships/AmaDara-990
AmaDara,990,AmaWaterways,,2026-08-10,7,2026-08-14,"Oudong, Cambodia",4892,cambodia-oudong,,,False,False,False,False,https://www.cruisemapper.com/ships/AmaDara-990
AmaDara,990,AmaWaterways,,2026-08-10,8,2026-08-14,"Phnom Penh, Cambodia",3645,cambodia-penh-phnom,,,False,False,False,False,https://www.cruisemapper.com/ships/AmaDara-990
AmaDara,990,AmaWaterways,,2026-08-10,9,2026-08-15,"Koh Oknha Tey Island Cambodia, Silk Island, Chong Koh Village",13586,cambodia-chong-koh-oknha-silk-tey-village,,,False,False,False,False,https://www.cruisemapper.com/ships/AmaDara-990
AmaDara,990,AmaWaterways,,2026-08-10,10,2026-08-16,"Angkor Ban, Cambodia",5701,angkor-ban-cambodia,,,False,False,False,False,https://www.cruisemapper.com/ships/AmaDara-990
AmaDara,990,AmaWaterways,,2026-08-10,11,2026-08-16,"Kampong Cham, Cambodia",2157,cambodia-cham-kampong,,,False,False,False,False,https://www.cruisemapper.com/ships/AmaDara-990
AmaDara,990,AmaWaterways,,2026-08-10,12,2026-08-17,"Siem Reap, Cambodia, Angkor Wat-Thom",3651,angkor-cambodia-reap-siem-thom-wat,,,False,False,True,False,https://www.cruisemapper.com/ships/AmaDara-990
AmaDolce,991,AmaWaterways,,2026-07-23,1,2026-07-23,"Bordeaux, France",3813,bordeaux-france,,,False,True,False,False,https://www.cruisemapper.com/ships/AmaDolce-991
AmaDolce,991,AmaWaterways,,2026-07-23,2,2026-07-24,"Libourne, France",2968,france-libourne,,,False,False,False,False,https://www.cruisemapper.com/ships/AmaDolce-991
AmaDolce,991,AmaWaterways,,2026-07-23,3,2026-07-26,"Blaye, Cussac-Fort-Medoc, France",5014,blaye-cussac-fort-france-medoc,,,False,False,False,False,https://www.cruisemapper.com/ships/AmaDolce-991
AmaDolce,991,AmaWaterways,,2026-07-23,4,2026-07-26,"Bourg-sur-Gironde, France",3406,bourg-france-gironde-sur,,,False,False,False,False,https://www.cruisemapper.com/ships/AmaDolce-991
AmaDolce,991,AmaWaterways,,2026-07-23,5,2026-07-27,"Blaye, Cussac-Fort-Medoc, France",5014,blaye-cussac-fort-france-medoc,,,False,False,False,False,https://www.cruisemapper.com/ships/AmaDolce-991
AmaDolce,991,AmaWaterways,,2026-07-23,6,2026-07-28,"Cadillac-sur-Garonne, France",3834,cadillac-france-garonne-sur,,,False,False,False,False,https://www.cruisemapper.com/ships/AmaDolce-991
AmaDolce,991,AmaWaterways,,2026-07-23,7,2026-07-29,"Bordeaux, France",3813,bordeaux-france,,,False,False,True,False,https://www.cruisemapper.com/ships/AmaDolce-991
AmaDouro,1713,AmaWaterways,,2026-07-21,1,2026-07-21,"Porto-Leixoes, Oporto, Portugal",3739,leixoes-oporto-porto-portugal,,,False,True,False,False,https://www.cruisemapper.com/ships/AmaDouro-1713
AmaDouro,1713,AmaWaterways,,2026-07-21,2,2026-07-22,"Regua, Portugal, Lamego",4338,lamego-portugal-regua,,,False,False,False,False,https://www.cruisemapper.com/ships/AmaDouro-1713
AmaDouro,1713,AmaWaterways,,2026-07-21,3,2026-07-23,"Vega de Terron-Salamanca, Spain",4447,salamanca-spain-terron-vega,,,False,False,False,False,https://www.cruisemapper.com/ships/AmaDouro-1713
AmaDouro,1713,AmaWaterways,,2026-07-21,4,2026-07-25,"Pinhao, Portugal, Favaios",4337,favaios-pinhao-portugal,,,False,False,False,False,https://www.cruisemapper.com/ships/AmaDouro-1713
AmaDouro,1713,AmaWaterways,,2026-07-21,5,2026-07-26,"Regua, Portugal, Lamego",4338,lamego-portugal-regua,,,False,False,False,False,https://www.cruisemapper.com/ships/AmaDouro-1713
AmaDouro,1713,AmaWaterways,,2026-07-21,6,2026-07-27,"Porto-Leixoes, Oporto, Portugal",3739,leixoes-oporto-porto-portugal,,,False,False,True,False,https://www.cruisemapper.com/ships/AmaDouro-1713
AmaFiora,1669,AmaWaterways,,2028-02-26,1,2028-02-26,"Amsterdam, Netherlands North Holland",56,amsterdam-holland-netherlands-north,,,False,True,False,False,https://www.cruisemapper.com/ships/AmaFiora-1669
AmaFiora,1669,AmaWaterways,,2028-02-26,2,2028-02-28,"Cologne, Koln, Germany North Rhine-Westphalia",3975,cologne-germany-koln-north-rhine-westphalia,,,False,False,False,False,https://www.cruisemapper.com/ships/AmaFiora-1669
AmaFiora,1669,AmaWaterways,,2028-02-26,3,2028-02-29,"Rudesheim am Rhein, Germany Hesse",1193,am-germany-hesse-rhein-rudesheim,,,False,False,False,False,https://www.cruisemapper.com/ships/AmaFiora-1669
AmaFiora,1669,AmaWaterways,,2028-02-26,4,2028-03-01,"Ludwigshafen am Rhein, Germany Rhineland-Palatinate",13580,am-germany-ludwigshafen-palatinate-rhein-rhineland,,,False,False,False,False,https://www.cruisemapper.com/ships/AmaFiora-1669
AmaFiora,1669,AmaWaterways,,2028-02-26,5,2028-03-02,"Kehl-Strasbourg, Germany Baden-Wurttemberg",3920,baden-germany-kehl-strasbourg-wurttemberg,,,False,False,False,False,https://www.cruisemapper.com/ships/AmaFiora-1669
AmaFiora,1669,AmaWaterways,,2028-02-26,6,2028-03-03,"Basel, Zurich, Switzerland",4482,basel-switzerland-zurich,,,False,False,True,False,https://www.cruisemapper.com/ships/AmaFiora-1669
AmaKristina,1207,AmaWaterways,,2026-07-23,1,2026-07-23,"Arles, France",3824,arles-france,,,False,True,False,False,https://www.cruisemapper.com/ships/AmaKristina-1207
AmaKristina,1207,AmaWaterways,,2026-07-23,2,2026-07-25,"Avignon, France",3826,avignon-france,,,False,False,False,False,https://www.cruisemapper.com/ships/AmaKristina-1207
AmaKristina,1207,AmaWaterways,,2026-07-23,3,2026-07-26,"Viviers-sur-Rhone, France",3930,france-rhone-sur-viviers,,,False,False,False,False,https://www.cruisemapper.com/ships/AmaKristina-1207
AmaKristina,1207,AmaWaterways,,2026-07-23,4,2026-07-27,"Tournon-sur-Rhone, Tain-l'Hermitage, France",3924,france-hermitage-l-rhone-sur-tain-tournon,,,False,False,False,False,https://www.cruisemapper.com/ships/AmaKristina-1207
AmaKristina,1207,AmaWaterways,,2026-07-23,5,2026-07-28,"Vienne, France",3929,france-vienne,,,False,False,False,False,https://www.cruisemapper.com/ships/AmaKristina-1207
AmaKristina,1207,AmaWaterways,,2026-07-23,6,2026-07-29,"Lyon, France",3880,france-lyon,,,False,False,True,False,https://www.cruisemapper.com/ships/AmaKristina-1207
AmaLea,1712,AmaWaterways,,2026-07-25,1,2026-07-25,"Budapest, Hungary",4091,budapest-hungary,,,False,True,False,False,https://www.cruisemapper.com/ships/AmaLea-1712
AmaLea,1712,AmaWaterways,,2026-07-25,2,2026-07-27,"Bratislava, Slovakia",2099,bratislava-slovakia,,,False,False,False,False,https://www.cruisemapper.com/ships/AmaLea-1712
AmaLea,1712,AmaWaterways,,2026-07-25,3,2026-07-28,"Vienna, Wien, Austria",3609,austria-vienna-wien,,,False,False,False,False,https://www.cruisemapper.com/ships/AmaLea-1712
AmaLea,1712,AmaWaterways,,2026-07-25,4,2026-07-29,"Weissenkirchen in der Wachau, Austria",1733,austria-der-in-wachau-weissenkirchen,,,False,False,False,False,https://www.cruisemapper.com/ships/AmaLea-1712
AmaLea,1712,AmaWaterways,,2026-07-25,5,2026-07-29,"Grein, Austria",2326,austria-grein,,,False,False,False,False,https://www.cruisemapper.com/ships/AmaLea-1712
AmaLea,1712,AmaWaterways,,2026-07-25,6,2026-07-30,"Linz, Austria",1202,austria-linz,,,False,False,False,False,https://www.cruisemapper.com/ships/AmaLea-1712
AmaLea,1712,AmaWaterways,,2026-07-25,7,2026-07-31,"Passau, Germany Bavaria",4000,bavaria-germany-passau,,,False,False,False,False,https://www.cruisemapper.com/ships/AmaLea-1712
AmaLea,1712,AmaWaterways,,2026-07-25,8,2026-07-31,"Vilshofen an der Donau, Germany Bavaria",1204,an-bavaria-der-donau-germany-vilshofen,,,False,False,True,False,https://www.cruisemapper.com/ships/AmaLea-1712
AmaLilia,1340,AmaWaterways,,2026-08-31,1,2026-08-31,"Cairo, Egypt",2984,cairo-egypt,,,False,True,False,False,https://www.cruisemapper.com/ships/AmaLilia-1340
AmaLilia,1340,AmaWaterways,,2026-08-31,2,2026-09-03,"Luxor, Egypt",2985,egypt-luxor,,,False,False,False,False,https://www.cruisemapper.com/ships/AmaLilia-1340
AmaLilia,1340,AmaWaterways,,2026-08-31,3,2026-09-05,"Edfu, Egypt",2986,edfu-egypt,,,False,False,False,False,https://www.cruisemapper.com/ships/AmaLilia-1340
AmaLilia,1340,AmaWaterways,,2026-08-31,4,2026-09-06,"Aswan, Egypt",316,aswan-egypt,,,False,False,False,False,https://www.cruisemapper.com/ships/AmaLilia-1340
AmaLilia,1340,AmaWaterways,,2026-08-31,5,2026-09-07,"Kom Ombo, Egypt",9675,egypt-kom-ombo,,,False,False,False,False,https://www.cruisemapper.com/ships/AmaLilia-1340
AmaLilia,1340,AmaWaterways,,2026-08-31,6,2026-09-08,"Luxor, Egypt",2985,egypt-luxor,,,False,False,False,False,https://www.cruisemapper.com/ships/AmaLilia-1340
AmaLilia,1340,AmaWaterways,,2026-08-31,7,2026-09-09,"Dendera-Qena, Egypt",11798,dendera-egypt-qena,,,False,False,False,False,https://www.cruisemapper.com/ships/AmaLilia-1340
AmaLilia,1340,AmaWaterways,,2026-08-31,8,2026-09-10,"Luxor, Egypt",2985,egypt-luxor,,,False,False,False,False,https://www.cruisemapper.com/ships/AmaLilia-1340
AmaLilia,1340,AmaWaterways,,2026-08-31,9,2026-09-10,"Cairo, Egypt",2984,cairo-egypt,,,False,False,True,False,https://www.cruisemapper.com/ships/AmaLilia-1340
AmaLotus,994,AmaWaterways,,,1,,"My Tho, Vietnam",2692,my-tho-vietnam,,,False,True,False,False,https://www.cruisemapper.com/ships/AmaLotus-994
AmaLotus,994,AmaWaterways,,,2,,"Cai Be, Vietnam",2138,be-cai-vietnam,,,False,False,False,False,https://www.cruisemapper.com/ships/AmaLotus-994
AmaLotus,994,AmaWaterways,,,3,,"Sa Dec, Vietnam",4684,dec-sa-vietnam,,,False,False,False,False,https://www.cruisemapper.com/ships/AmaLotus-994
AmaLotus,994,AmaWaterways,,,4,,"Tan Chau, Vietnam",4685,chau-tan-vietnam,,,False,False,False,False,https://www.cruisemapper.com/ships/AmaLotus-994
AmaLotus,994,AmaWaterways,,,5,,"Phnom Penh, Cambodia",3645,cambodia-penh-phnom,,,False,False,False,False,https://www.cruisemapper.com/ships/AmaLotus-994
AmaLotus,994,AmaWaterways,,,6,,"Koh Chen, Cambodia",3647,cambodia-chen-koh,,,False,False,False,False,https://www.cruisemapper.com/ships/AmaLotus-994
AmaLotus,994,AmaWaterways,,,7,,"Kampong Tralach, Cambodia",3648,cambodia-kampong-tralach,,,False,False,False,False,https://www.cruisemapper.com/ships/AmaLotus-994
AmaLotus,994,AmaWaterways,,,8,,"Oudong, Cambodia",4892,cambodia-oudong,,,False,False,False,False,https://www.cruisemapper.com/ships/AmaLotus-994
AmaLotus,994,AmaWaterways,,,9,,"Kampong Chhnang, Cambodia",3649,cambodia-chhnang-kampong,,,False,False,False,False,https://www.cruisemapper.com/ships/AmaLotus-994
AmaLotus,994,AmaWaterways,,,10,,Tonle Sap Lake,3652,lake-sap-tonle,,,False,False,False,False,https://www.cruisemapper.com/ships/AmaLotus-994
AmaLotus,994,AmaWaterways,,,11,,"Siem Reap, Cambodia",3651,cambodia-reap-siem,,,False,False,True,False,https://www.cruisemapper.com/ships/AmaLotus-994
AmaLucia,1803,AmaWaterways,,2026-07-23,1,2026-07-23,"Amsterdam, Netherlands North Holland",56,amsterdam-holland-netherlands-north,,,False,True,False,False,https://www.cruisemapper.com/ships/AmaLucia-1803
AmaLucia,1803,AmaWaterways,,2026-07-23,2,2026-07-24,"Utrecht, Netherlands Utrecht",3342,netherlands-utrecht,,,False,False,False,False,https://www.cruisemapper.com/ships/AmaLucia-1803
AmaLucia,1803,AmaWaterways,,2026-07-23,3,2026-07-25,"Dusseldorf, Germany North Rhine-Westphalia",2327,dusseldorf-germany-north-rhine-westphalia,,,False,False,False,False,https://www.cruisemapper.com/ships/AmaLucia-1803
AmaLucia,1803,AmaWaterways,,2026-07-23,4,2026-07-26,"Rudesheim am Rhein, Germany Hesse",1193,am-germany-hesse-rhein-rudesheim,,,False,False,False,False,https://www.cruisemapper.com/ships/AmaLucia-1803
AmaLucia,1803,AmaWaterways,,2026-07-23,5,2026-07-27,"Ludwigshafen am Rhein, Germany Rhineland-Palatinate",13580,am-germany-ludwigshafen-palatinate-rhein-rhineland,,,False,False,False,False,https://www.cruisemapper.com/ships/AmaLucia-1803
AmaLucia,1803,AmaWaterways,,2026-07-23,6,2026-07-28,"Kehl-Strasbourg, Germany Baden-Wurttemberg",3920,baden-germany-kehl-strasbourg-wurttemberg,,,False,False,False,False,https://www.cruisemapper.com/ships/AmaLucia-1803
AmaLucia,1803,AmaWaterways,,2026-07-23,7,2026-07-29,"Breisach am Rhein, Germany Baden-Wurttemberg",3973,am-baden-breisach-germany-rhein-wurttemberg,,,False,False,False,False,https://www.cruisemapper.com/ships/AmaLucia-1803
AmaLucia,1803,AmaWaterways,,2026-07-23,8,2026-07-30,"Basel, Zurich, Switzerland",4482,basel-switzerland-zurich,,,False,False,True,False,https://www.cruisemapper.com/ships/AmaLucia-1803
AmaLyra,995,AmaWaterways,,2026-07-23,1,2026-07-23,"Paris City, France",378,city-france-paris,,,False,True,False,False,https://www.cruisemapper.com/ships/AmaLyra-995
AmaLyra,995,AmaWaterways,,2026-07-23,2,2026-07-24,"Les Andelys, France",3872,andelys-france-les,,,False,False,False,False,https://www.cruisemapper.com/ships/AmaLyra-995
AmaLyra,995,AmaWaterways,,2026-07-23,3,2026-07-25,"Le Havre-Paris, France",47,france-havre-paris,,,False,False,False,False,https://www.cruisemapper.com/ships/AmaLyra-995
AmaLyra,995,AmaWaterways,,2026-07-23,4,2026-07-26,"Rives-en-Seine, France, Caudebec-en-Caux",4896,caudebec-caux-en-france-rives-seine,,,False,False,False,False,https://www.cruisemapper.com/ships/AmaLyra-995
AmaLyra,995,AmaWaterways,,2026-07-23,5,2026-07-27,"Rouen, France",3937,france-rouen,,,False,False,False,False,https://www.cruisemapper.com/ships/AmaLyra-995
AmaLyra,995,AmaWaterways,,2026-07-23,6,2026-07-28,"Vernon, France",3928,france-vernon,,,False,False,False,False,https://www.cruisemapper.com/ships/AmaLyra-995
AmaLyra,995,AmaWaterways,,2026-07-23,7,2026-07-29,"Paris City, France",378,city-france-paris,,,False,False,True,False,https://www.cruisemapper.com/ships/AmaLyra-995
AmaMagdalena,1792,AmaWaterways,,2026-08-22,1,2026-08-22,Barranquilla Colombia,18120,barranquilla-colombia,,,False,True,False,False,https://www.cruisemapper.com/ships/AmaMagdalena-1792
AmaMagdalena,1792,AmaWaterways,,2026-08-22,2,2026-08-24,"Magangue Bolivar Colombia, Magdalena River",,bolivar-colombia-magangue-magdalena-river,,,False,False,False,False,https://www.cruisemapper.com/ships/AmaMagdalena-1792
AmaMagdalena,1792,AmaWaterways,,2026-08-22,3,2026-08-24,"Santa Cruz de Mompox Bolivar Colombia, Magdalena River",,bolivar-colombia-cruz-magdalena-mompox-river-santa,,,False,False,False,False,https://www.cruisemapper.com/ships/AmaMagdalena-1792
AmaMagdalena,1792,AmaWaterways,,2026-08-22,4,2026-08-26,"Santa Barbara de Pinto Magdalena Colombia, Magdalena River",,barbara-colombia-magdalena-pinto-river-santa,,,False,False,False,False,https://www.cruisemapper.com/ships/AmaMagdalena-1792
AmaMagdalena,1792,AmaWaterways,,2026-08-22,5,2026-08-27,"Calamar Bolivar Colombia, Magdalena River",,bolivar-calamar-colombia-magdalena-river,,,False,False,False,False,https://www.cruisemapper.com/ships/AmaMagdalena-1792
AmaMagdalena,1792,AmaWaterways,,2026-08-22,6,2026-08-28,Cartagena Colombia,3733,cartagena-colombia,,,False,False,True,False,https://www.cruisemapper.com/ships/AmaMagdalena-1792
AmaMagna,1850,AmaWaterways,,2026-07-19,1,2026-07-19,"Vilshofen an der Donau, Germany Bavaria",1204,an-bavaria-der-donau-germany-vilshofen,,,False,True,False,False,https://www.cruisemapper.com/ships/AmaMagna-1850
AmaMagna,1850,AmaWaterways,,2026-07-19,2,2026-07-20,"Passau, Germany Bavaria",4000,bavaria-germany-passau,,,False,False,False,False,https://www.cruisemapper.com/ships/AmaMagna-1850
AmaMagna,1850,AmaWaterways,,2026-07-19,3,2026-07-21,"Linz, Austria",1202,austria-linz,,,False,False,False,False,https://www.cruisemapper.com/ships/AmaMagna-1850
AmaMagna,1850,AmaWaterways,,2026-07-19,4,2026-07-21,"Grein, Austria",2326,austria-grein,,,False,False,False,False,https://www.cruisemapper.com/ships/AmaMagna-1850
AmaMagna,1850,AmaWaterways,,2026-07-19,5,2026-07-22,"Melk, Austria",3607,austria-melk,,,False,False,False,False,https://www.cruisemapper.com/ships/AmaMagna-1850
AmaMagna,1850,AmaWaterways,,2026-07-19,6,2026-07-22,"Spitz an der Donau, Austria",2981,an-austria-der-donau-spitz,,,False,False,False,False,https://www.cruisemapper.com/ships/AmaMagna-1850
AmaMagna,1850,AmaWaterways,,2026-07-19,7,2026-07-23,"Vienna, Wien, Austria",3609,austria-vienna-wien,,,False,False,False,False,https://www.cruisemapper.com/ships/AmaMagna-1850
AmaMagna,1850,AmaWaterways,,2026-07-19,8,2026-07-24,"Bratislava, Slovakia",2099,bratislava-slovakia,,,False,False,False,False,https://www.cruisemapper.com/ships/AmaMagna-1850
AmaMagna,1850,AmaWaterways,,2026-07-19,9,2026-07-25,"Budapest, Hungary",4091,budapest-hungary,,,False,False,True,False,https://www.cruisemapper.com/ships/AmaMagna-1850
AmaMaya,1437,AmaWaterways,,2028-01-03,1,2028-01-03,"Saigon, Phu My Port-Ho Chi Minh City, Vietnam",167,chi-city-ho-minh-my-phu-saigon-vietnam,,,False,True,False,False,https://www.cruisemapper.com/ships/AmaMaya-1437
AmaMaya,1437,AmaWaterways,,2028-01-03,2,2028-01-03,"My Tho, Mekong Delta, Vietnam",2692,delta-mekong-my-tho-vietnam,,,False,False,False,False,https://www.cruisemapper.com/ships/AmaMaya-1437
AmaMaya,1437,AmaWaterways,,2028-01-03,3,2028-01-04,"Cai Be, Mekong Delta, Vietnam",2138,be-cai-delta-mekong-vietnam,,,False,False,False,False,https://www.cruisemapper.com/ships/AmaMaya-1437
AmaMaya,1437,AmaWaterways,,2028-01-03,4,2028-01-04,"Sa Dec, Mekong Delta, Vietnam",4684,dec-delta-mekong-sa-vietnam,,,False,False,False,False,https://www.cruisemapper.com/ships/AmaMaya-1437
AmaMaya,1437,AmaWaterways,,2028-01-03,5,2028-01-05,"Tan Chau, Mekong Delta, Vietnam",4685,chau-delta-mekong-tan-vietnam,,,False,False,False,False,https://www.cruisemapper.com/ships/AmaMaya-1437
AmaMaya,1437,AmaWaterways,,2028-01-03,6,2028-01-06,"Phnom Penh, Cambodia",3645,cambodia-penh-phnom,,,False,False,False,False,https://www.cruisemapper.com/ships/AmaMaya-1437
AmaMaya,1437,AmaWaterways,,2028-01-03,7,2028-01-07,"Oudong, Cambodia",4892,cambodia-oudong,,,False,False,False,False,https://www.cruisemapper.com/ships/AmaMaya-1437
AmaMaya,1437,AmaWaterways,,2028-01-03,8,2028-01-07,"Phnom Penh, Cambodia",3645,cambodia-penh-phnom,,,False,False,False,False,https://www.cruisemapper.com/ships/AmaMaya-1437
AmaMaya,1437,AmaWaterways,,2028-01-03,9,2028-01-08,"Koh Oknha Tey Island Cambodia, Silk Island, Chong Koh Village",13586,cambodia-chong-koh-oknha-silk-tey-village,,,False,False,False,False,https://www.cruisemapper.com/ships/AmaMaya-1437
AmaMaya,1437,AmaWaterways,,2028-01-03,10,2028-01-09,"Angkor Ban, Cambodia",5701,angkor-ban-cambodia,,,False,False,False,False,https://www.cruisemapper.com/ships/AmaMaya-1437
AmaMaya,1437,AmaWaterways,,2028-01-03,11,2028-01-09,"Kampong Cham, Cambodia",2157,cambodia-cham-kampong,,,False,False,False,False,https://www.cruisemapper.com/ships/AmaMaya-1437
AmaMaya,1437,AmaWaterways,,2028-01-03,12,2028-01-10,"Siem Reap, Cambodia, Angkor Wat-Thom",3651,angkor-cambodia-reap-siem-thom-wat,,,False,False,True,False,https://www.cruisemapper.com/ships/AmaMaya-1437
AmaMelodia,1793,AmaWaterways,,2026-07-22,1,2026-07-22,Barranquilla Colombia,18120,barranquilla-colombia,,,False,True,False,False,https://www.cruisemapper.com/ships/AmaMelodia-1793
AmaMelodia,1793,AmaWaterways,,2026-07-22,2,2026-07-24,"Magangue Bolivar Colombia, Magdalena River",,bolivar-colombia-magangue-magdalena-river,,,False,False,False,False,https://www.cruisemapper.com/ships/AmaMelodia-1793
AmaMelodia,1793,AmaWaterways,,2026-07-22,3,2026-07-24,"Santa Cruz de Mompox Bolivar Colombia, Magdalena River",,bolivar-colombia-cruz-magdalena-mompox-river-santa,,,False,False,False,False,https://www.cruisemapper.com/ships/AmaMelodia-1793
AmaMelodia,1793,AmaWaterways,,2026-07-22,4,2026-07-26,"Santa Barbara de Pinto Magdalena Colombia, Magdalena River",,barbara-colombia-magdalena-pinto-river-santa,,,False,False,False,False,https://www.cruisemapper.com/ships/AmaMelodia-1793
AmaMelodia,1793,AmaWaterways,,2026-07-22,5,2026-07-27,"Calamar Bolivar Colombia, Magdalena River",,bolivar-calamar-colombia-magdalena-river,,,False,False,False,False,https://www.cruisemapper.com/ships/AmaMelodia-1793
AmaMelodia,1793,AmaWaterways,,2026-07-22,6,2026-07-28,Cartagena Colombia,3733,cartagena-colombia,,,False,False,True,False,https://www.cruisemapper.com/ships/AmaMelodia-1793
AmaMora,1851,AmaWaterways,,2026-07-25,1,2026-07-25,"Vilshofen an der Donau, Germany Bavaria",1204,an-bavaria-der-donau-germany-vilshofen,,,False,True,False,False,https://www.cruisemapper.com/ships/AmaMora-1851
AmaMora,1851,AmaWaterways,,2026-07-25,2,2026-07-26,"Passau, Germany Bavaria",4000,bavaria-germany-passau,,,False,False,False,False,https://www.cruisemapper.com/ships/AmaMora-1851
AmaMora,1851,AmaWaterways,,2026-07-25,3,2026-07-27,"Linz, Austria",1202,austria-linz,,,False,False,False,False,https://www.cruisemapper.com/ships/AmaMora-1851
AmaMora,1851,AmaWaterways,,2026-07-25,4,2026-07-28,"Weissenkirchen in der Wachau, Austria",1733,austria-der-in-wachau-weissenkirchen,,,False,False,False,False,https://www.cruisemapper.com/ships/AmaMora-1851
AmaMora,1851,AmaWaterways,,2026-07-25,5,2026-07-29,"Vienna, Wien, Austria",3609,austria-vienna-wien,,,False,False,False,False,https://www.cruisemapper.com/ships/AmaMora-1851
AmaMora,1851,AmaWaterways,,2026-07-25,6,2026-07-31,"Budapest, Hungary",4091,budapest-hungary,,,False,False,True,False,https://www.cruisemapper.com/ships/AmaMora-1851
AmaNubia,1664,AmaWaterways,,2026-11-07,1,2026-11-07,"Cairo, Egypt",2984,cairo-egypt,,,False,True,False,False,https://www.cruisemapper.com/ships/AmaNubia-1664
AmaNubia,1664,AmaWaterways,,2026-11-07,2,2026-11-10,"Luxor, Egypt",2985,egypt-luxor,,,False,False,False,False,https://www.cruisemapper.com/ships/AmaNubia-1664
AmaNubia,1664,AmaWaterways,,2026-11-07,3,2026-11-12,"Edfu, Egypt",2986,edfu-egypt,,,False,False,False,False,https://www.cruisemapper.com/ships/AmaNubia-1664
AmaNubia,1664,AmaWaterways,,2026-11-07,4,2026-11-13,"Aswan, Egypt",316,aswan-egypt,,,False,False,False,False,https://www.cruisemapper.com/ships/AmaNubia-1664
AmaNubia,1664,AmaWaterways,,2026-11-07,5,2026-11-14,"Kom Ombo, Egypt",9675,egypt-kom-ombo,,,False,False,False,False,https://www.cruisemapper.com/ships/AmaNubia-1664
AmaNubia,1664,AmaWaterways,,2026-11-07,6,2026-11-15,"Luxor, Egypt",2985,egypt-luxor,,,False,False,False,False,https://www.cruisemapper.com/ships/AmaNubia-1664
AmaNubia,1664,AmaWaterways,,2026-11-07,7,2026-11-16,"Dendera-Qena, Egypt",11798,dendera-egypt-qena,,,False,False,False,False,https://www.cruisemapper.com/ships/AmaNubia-1664
AmaNubia,1664,AmaWaterways,,2026-11-07,8,2026-11-17,"Luxor, Egypt",2985,egypt-luxor,,,False,False,False,False,https://www.cruisemapper.com/ships/AmaNubia-1664
AmaNubia,1664,AmaWaterways,,2026-11-07,9,2026-11-17,"Cairo, Egypt",2984,cairo-egypt,,,False,False,True,False,https://www.cruisemapper.com/ships/AmaNubia-1664
AmaPrima,996,AmaWaterways,,2026-07-22,1,2026-07-22,"Amsterdam, Netherlands North Holland",56,amsterdam-holland-netherlands-north,,,False,True,False,False,https://www.cruisemapper.com/ships/AmaPrima-996
AmaPrima,996,AmaWaterways,,2026-07-22,2,2026-07-24,"Dusseldorf, Germany North Rhine-Westphalia",2327,dusseldorf-germany-north-rhine-westphalia,,,False,False,False,False,https://www.cruisemapper.com/ships/AmaPrima-996
AmaPrima,996,AmaWaterways,,2026-07-22,3,2026-07-24,"Cologne, Koln, Germany North Rhine-Westphalia",3975,cologne-germany-koln-north-rhine-westphalia,,,False,False,False,False,https://www.cruisemapper.com/ships/AmaPrima-996
AmaPrima,996,AmaWaterways,,2026-07-22,4,2026-07-25,"Rudesheim am Rhein, Germany Hesse",1193,am-germany-hesse-rhein-rudesheim,,,False,False,False,False,https://www.cruisemapper.com/ships/AmaPrima-996
AmaPrima,996,AmaWaterways,,2026-07-22,5,2026-07-26,"Mainz, Germany Rhineland-Palatinate",3988,germany-mainz-palatinate-rhineland,,,False,False,False,False,https://www.cruisemapper.com/ships/AmaPrima-996
AmaPrima,996,AmaWaterways,,2026-07-22,6,2026-07-26,"Lahnstein, Germany Rhineland-Palatinate",13583,germany-lahnstein-palatinate-rhineland,,,False,False,False,False,https://www.cruisemapper.com/ships/AmaPrima-996
AmaPrima,996,AmaWaterways,,2026-07-22,7,2026-07-27,"Cochem, Germany Rhineland-Palatinate",3974,cochem-germany-palatinate-rhineland,,,False,False,False,False,https://www.cruisemapper.com/ships/AmaPrima-996
AmaPrima,996,AmaWaterways,,2026-07-22,8,2026-07-28,"Bernkastel-Kues, Germany Rhineland-Palatinate",274,bernkastel-germany-kues-palatinate-rhineland,,,False,False,False,False,https://www.cruisemapper.com/ships/AmaPrima-996
AmaPrima,996,AmaWaterways,,2026-07-22,9,2026-07-29,Luxembourg City,4196,city-luxembourg,,,False,False,True,False,https://www.cruisemapper.com/ships/AmaPrima-996
AmaReina,998,AmaWaterways,,2026-07-22,1,2026-07-22,"Vilshofen an der Donau, Germany Bavaria",1204,an-bavaria-der-donau-germany-vilshofen,,,False,True,False,False,https://www.cruisemapper.com/ships/AmaReina-998
AmaReina,998,AmaWaterways,,2026-07-22,2,2026-07-23,"Passau, Germany Bavaria",4000,bavaria-germany-passau,,,False,False,False,False,https://www.cruisemapper.com/ships/AmaReina-998
AmaReina,998,AmaWaterways,,2026-07-22,3,2026-07-24,"Linz, Austria",1202,austria-linz,,,False,False,False,False,https://www.cruisemapper.com/ships/AmaReina-998
AmaReina,998,AmaWaterways,,2026-07-22,4,2026-07-25,"Weissenkirchen in der Wachau, Austria",1733,austria-der-in-wachau-weissenkirchen,,,False,False,False,False,https://www.cruisemapper.com/ships/AmaReina-998
AmaReina,998,AmaWaterways,,2026-07-22,5,2026-07-26,"Vienna, Wien, Austria",3609,austria-vienna-wien,,,False,False,False,False,https://www.cruisemapper.com/ships/AmaReina-998
AmaReina,998,AmaWaterways,,2026-07-22,6,2026-07-28,"Budapest, Hungary",4091,budapest-hungary,,,False,False,True,False,https://www.cruisemapper.com/ships/AmaReina-998
AmaRudi,1696,AmaWaterways,,2028-02-13,1,2028-02-13,"Budapest, Hungary",4091,budapest-hungary,,,False,True,False,False,https://www.cruisemapper.com/ships/AmaRudi-1696
AmaRudi,1696,AmaWaterways,,2028-02-13,2,2028-02-14,"Mohacs, Villany-Pecs, Hungary",4093,hungary-mohacs-pecs-villany,,,False,False,False,False,https://www.cruisemapper.com/ships/AmaRudi-1696
AmaRudi,1696,AmaWaterways,,2028-02-13,3,2028-02-15,"Vukovar, Croatia",4689,croatia-vukovar,,,False,False,False,False,https://www.cruisemapper.com/ships/AmaRudi-1696
AmaRudi,1696,AmaWaterways,,2028-02-13,4,2028-02-15,"Novi Sad, Serbia",2106,novi-sad-serbia,,,False,False,False,False,https://www.cruisemapper.com/ships/AmaRudi-1696
AmaRudi,1696,AmaWaterways,,2028-02-13,5,2028-02-15,"Ilok, Croatia",2113,croatia-ilok,,,False,False,False,False,https://www.cruisemapper.com/ships/AmaRudi-1696
AmaRudi,1696,AmaWaterways,,2028-02-13,6,2028-02-16,"Belgrade, Serbia",2107,belgrade-serbia,,,False,False,False,False,https://www.cruisemapper.com/ships/AmaRudi-1696
AmaRudi,1696,AmaWaterways,,2028-02-13,7,2028-02-17,"Iron Gate, Serbia-Romania",4354,gate-iron-romania-serbia,,,False,False,False,False,https://www.cruisemapper.com/ships/AmaRudi-1696
AmaRudi,1696,AmaWaterways,,2028-02-13,8,2028-02-18,"Vidin, Bulgaria",133,bulgaria-vidin,,,False,False,False,False,https://www.cruisemapper.com/ships/AmaRudi-1696
AmaRudi,1696,AmaWaterways,,2028-02-13,9,2028-02-19,"Ruse, Rousse-Russe, Bulgaria",2110,bulgaria-rousse-ruse-russe,,,False,False,False,False,https://www.cruisemapper.com/ships/AmaRudi-1696
AmaRudi,1696,AmaWaterways,,2028-02-13,10,2028-02-20,"Giurgiu, Romania",4352,giurgiu-romania,,,False,False,True,False,https://www.cruisemapper.com/ships/AmaRudi-1696
AmaSerena,999,AmaWaterways,,2026-07-21,1,2026-07-21,"Basel, Zurich, Switzerland",4482,basel-switzerland-zurich,,,False,True,False,False,https://www.cruisemapper.com/ships/AmaSerena-999
AmaSerena,999,AmaWaterways,,2026-07-21,2,2026-07-23,"Kehl-Strasbourg, Germany Baden-Wurttemberg",3920,baden-germany-kehl-strasbourg-wurttemberg,,,False,False,False,False,https://www.cruisemapper.com/ships/AmaSerena-999
AmaSerena,999,AmaWaterways,,2026-07-21,3,2026-07-24,"Ludwigshafen am Rhein, Germany Rhineland-Palatinate",13580,am-germany-ludwigshafen-palatinate-rhein-rhineland,,,False,False,False,False,https://www.cruisemapper.com/ships/AmaSerena-999
AmaSerena,999,AmaWaterways,,2026-07-21,4,2026-07-24,"Rudesheim am Rhein, Germany Hesse",1193,am-germany-hesse-rhein-rudesheim,,,False,False,False,False,https://www.cruisemapper.com/ships/AmaSerena-999
AmaSerena,999,AmaWaterways,,2026-07-21,5,2026-07-25,"Lahnstein, Germany Rhineland-Palatinate",13583,germany-lahnstein-palatinate-rhineland,,,False,False,False,False,https://www.cruisemapper.com/ships/AmaSerena-999
AmaSerena,999,AmaWaterways,,2026-07-21,6,2026-07-26,"Cologne, Koln, Germany North Rhine-Westphalia",3975,cologne-germany-koln-north-rhine-westphalia,,,False,False,False,False,https://www.cruisemapper.com/ships/AmaSerena-999
AmaSerena,999,AmaWaterways,,2026-07-21,7,2026-07-27,"Amsterdam, Netherlands North Holland",56,amsterdam-holland-netherlands-north,,,False,False,True,False,https://www.cruisemapper.com/ships/AmaSerena-999
AmaSiena,1500,AmaWaterways,,2026-07-23,1,2026-07-23,"Basel, Zurich, Switzerland",4482,basel-switzerland-zurich,,,False,True,False,False,https://www.cruisemapper.com/ships/AmaSiena-1500
AmaSiena,1500,AmaWaterways,,2026-07-23,2,2026-07-24,"Breisach am Rhein, Germany Baden-Wurttemberg",3973,am-baden-breisach-germany-rhein-wurttemberg,,,False,False,False,False,https://www.cruisemapper.com/ships/AmaSiena-1500
AmaSiena,1500,AmaWaterways,,2026-07-23,3,2026-07-25,"Kehl-Strasbourg, Germany Baden-Wurttemberg",3920,baden-germany-kehl-strasbourg-wurttemberg,,,False,False,False,False,https://www.cruisemapper.com/ships/AmaSiena-1500
AmaSiena,1500,AmaWaterways,,2026-07-23,4,2026-07-26,"Ludwigshafen am Rhein, Germany Rhineland-Palatinate",13580,am-germany-ludwigshafen-palatinate-rhein-rhineland,,,False,False,False,False,https://www.cruisemapper.com/ships/AmaSiena-1500
AmaSiena,1500,AmaWaterways,,2026-07-23,5,2026-07-26,"Rudesheim am Rhein, Germany Hesse",1193,am-germany-hesse-rhein-rudesheim,,,False,False,False,False,https://www.cruisemapper.com/ships/AmaSiena-1500
AmaSiena,1500,AmaWaterways,,2026-07-23,6,2026-07-27,"Lahnstein, Germany Rhineland-Palatinate",13583,germany-lahnstein-palatinate-rhineland,,,False,False,False,False,https://www.cruisemapper.com/ships/AmaSiena-1500
AmaSiena,1500,AmaWaterways,,2026-07-23,7,2026-07-28,"Monheim am Rhein, Germany North Rhine-Westphalia",14282,am-germany-monheim-north-rhein-rhine-westphalia,,,False,False,False,False,https://www.cruisemapper.com/ships/AmaSiena-1500
AmaSiena,1500,AmaWaterways,,2026-07-23,8,2026-07-28,"Dusseldorf, Germany North Rhine-Westphalia",2327,dusseldorf-germany-north-rhine-westphalia,,,False,False,False,False,https://www.cruisemapper.com/ships/AmaSiena-1500
AmaSiena,1500,AmaWaterways,,2026-07-23,9,2026-07-29,"Amsterdam, Netherlands North Holland",56,amsterdam-holland-netherlands-north,,,False,False,True,False,https://www.cruisemapper.com/ships/AmaSiena-1500
AmaSintra,1786,AmaWaterways,,2026-07-24,1,2026-07-24,"Porto-Leixoes, Oporto, Portugal",3739,leixoes-oporto-porto-portugal,,,False,True,False,False,https://www.cruisemapper.com/ships/AmaSintra-1786
AmaSintra,1786,AmaWaterways,,2026-07-24,2,2026-07-25,"Regua, Portugal, Lamego",4338,lamego-portugal-regua,,,False,False,False,False,https://www.cruisemapper.com/ships/AmaSintra-1786
AmaSintra,1786,AmaWaterways,,2026-07-24,3,2026-07-26,"Vega de Terron-Salamanca, Spain",4447,salamanca-spain-terron-vega,,,False,False,False,False,https://www.cruisemapper.com/ships/AmaSintra-1786
AmaSintra,1786,AmaWaterways,,2026-07-24,4,2026-07-28,"Pinhao, Portugal, Favaios",4337,favaios-pinhao-portugal,,,False,False,False,False,https://www.cruisemapper.com/ships/AmaSintra-1786
AmaSintra,1786,AmaWaterways,,2026-07-24,5,2026-07-29,"Regua, Portugal, Lamego",4338,lamego-portugal-regua,,,False,False,False,False,https://www.cruisemapper.com/ships/AmaSintra-1786
AmaSintra,1786,AmaWaterways,,2026-07-24,6,2026-07-30,"Porto-Leixoes, Oporto, Portugal",3739,leixoes-oporto-porto-portugal,,,False,False,True,False,https://www.cruisemapper.com/ships/AmaSintra-1786
AmaSofia,1438,AmaWaterways,,2026-07-19,1,2026-07-19,"Budapest, Hungary",4091,budapest-hungary,,,False,True,False,False,https://www.cruisemapper.com/ships/AmaSofia-1438
AmaSofia,1438,AmaWaterways,,2026-07-19,2,2026-07-21,"Bratislava, Slovakia",2099,bratislava-slovakia,,,False,False,False,False,https://www.cruisemapper.com/ships/AmaSofia-1438
AmaSofia,1438,AmaWaterways,,2026-07-19,3,2026-07-22,"Vienna, Wien, Austria",3609,austria-vienna-wien,,,False,False,False,False,https://www.cruisemapper.com/ships/AmaSofia-1438
AmaSofia,1438,AmaWaterways,,2026-07-19,4,2026-07-23,"Weissenkirchen in der Wachau, Austria",1733,austria-der-in-wachau-weissenkirchen,,,False,False,False,False,https://www.cruisemapper.com/ships/AmaSofia-1438
AmaSofia,1438,AmaWaterways,,2026-07-19,5,2026-07-23,"Grein, Austria",2326,austria-grein,,,False,False,False,False,https://www.cruisemapper.com/ships/AmaSofia-1438
AmaSofia,1438,AmaWaterways,,2026-07-19,6,2026-07-24,"Linz, Austria",1202,austria-linz,,,False,False,False,False,https://www.cruisemapper.com/ships/AmaSofia-1438
AmaSofia,1438,AmaWaterways,,2026-07-19,7,2026-07-25,"Passau, Germany Bavaria",4000,bavaria-germany-passau,,,False,False,False,False,https://www.cruisemapper.com/ships/AmaSofia-1438
AmaSofia,1438,AmaWaterways,,2026-07-19,8,2026-07-25,"Vilshofen an der Donau, Germany Bavaria",1204,an-bavaria-der-donau-germany-vilshofen,,,False,False,True,False,https://www.cruisemapper.com/ships/AmaSofia-1438
AmaSonata,1000,AmaWaterways,,2026-07-22,1,2026-07-22,"Budapest, Hungary",4091,budapest-hungary,,,False,True,False,False,https://www.cruisemapper.com/ships/AmaSonata-1000
AmaSonata,1000,AmaWaterways,,2026-07-22,2,2026-07-24,"Bratislava, Slovakia",2099,bratislava-slovakia,,,False,False,False,False,https://www.cruisemapper.com/ships/AmaSonata-1000
AmaSonata,1000,AmaWaterways,,2026-07-22,3,2026-07-25,"Vienna, Wien, Austria",3609,austria-vienna-wien,,,False,False,False,False,https://www.cruisemapper.com/ships/AmaSonata-1000
AmaSonata,1000,AmaWaterways,,2026-07-22,4,2026-07-26,"Weissenkirchen in der Wachau, Austria",1733,austria-der-in-wachau-weissenkirchen,,,False,False,False,False,https://www.cruisemapper.com/ships/AmaSonata-1000
AmaSonata,1000,AmaWaterways,,2026-07-22,5,2026-07-26,"Grein, Austria",2326,austria-grein,,,False,False,False,False,https://www.cruisemapper.com/ships/AmaSonata-1000
AmaSonata,1000,AmaWaterways,,2026-07-22,6,2026-07-27,"Linz, Austria",1202,austria-linz,,,False,False,False,False,https://www.cruisemapper.com/ships/AmaSonata-1000
AmaSonata,1000,AmaWaterways,,2026-07-22,7,2026-07-28,"Passau, Germany Bavaria",4000,bavaria-germany-passau,,,False,False,False,False,https://www.cruisemapper.com/ships/AmaSonata-1000
AmaSonata,1000,AmaWaterways,,2026-07-22,8,2026-07-28,"Vilshofen an der Donau, Germany Bavaria",1204,an-bavaria-der-donau-germany-vilshofen,,,False,False,True,False,https://www.cruisemapper.com/ships/AmaSonata-1000
AmaStella,1079,AmaWaterways,,2026-07-25,1,2026-07-25,"Amsterdam, Netherlands North Holland",56,amsterdam-holland-netherlands-north,,,False,True,False,False,https://www.cruisemapper.com/ships/AmaStella-1079
AmaStella,1079,AmaWaterways,,2026-07-25,2,2026-07-26,"Utrecht, Netherlands Utrecht",3342,netherlands-utrecht,,,False,False,False,False,https://www.cruisemapper.com/ships/AmaStella-1079
AmaStella,1079,AmaWaterways,,2026-07-25,3,2026-07-27,"Hellevoetsluis, Netherlands South Holland",18597,hellevoetsluis-holland-netherlands-south,,,False,False,False,False,https://www.cruisemapper.com/ships/AmaStella-1079
AmaStella,1079,AmaWaterways,,2026-07-25,4,2026-07-28,"Ghent, Belgium",956,belgium-ghent,,,False,False,False,False,https://www.cruisemapper.com/ships/AmaStella-1079
AmaStella,1079,AmaWaterways,,2026-07-25,5,2026-07-29,"Brussels, Belgium",2159,belgium-brussels,,,False,False,False,False,https://www.cruisemapper.com/ships/AmaStella-1079
AmaStella,1079,AmaWaterways,,2026-07-25,6,2026-07-30,"Antwerp, Belgium",948,antwerp-belgium,,,False,False,False,False,https://www.cruisemapper.com/ships/AmaStella-1079
AmaStella,1079,AmaWaterways,,2026-07-25,7,2026-07-31,"Dordrecht, Netherlands South Holland",257,dordrecht-holland-netherlands-south,,,False,False,False,False,https://www.cruisemapper.com/ships/AmaStella-1079
AmaStella,1079,AmaWaterways,,2026-07-25,8,2026-08-01,"Amsterdam, Netherlands North Holland",56,amsterdam-holland-netherlands-north,,,False,False,True,False,https://www.cruisemapper.com/ships/AmaStella-1079
AmaVenita,1005,AmaWaterways,,2026-07-21,1,2026-07-21,"Amsterdam, Netherlands North Holland",56,amsterdam-holland-netherlands-north,,,False,True,False,False,https://www.cruisemapper.com/ships/AmaVenita-1005
AmaVenita,1005,AmaWaterways,,2026-07-21,2,2026-07-23,"Cologne, Koln, Germany North Rhine-Westphalia",3975,cologne-germany-koln-north-rhine-westphalia,,,False,False,False,False,https://www.cruisemapper.com/ships/AmaVenita-1005
AmaVenita,1005,AmaWaterways,,2026-07-21,3,2026-07-24,"Rudesheim am Rhein, Germany Hesse",1193,am-germany-hesse-rhein-rudesheim,,,False,False,False,False,https://www.cruisemapper.com/ships/AmaVenita-1005
AmaVenita,1005,AmaWaterways,,2026-07-21,4,2026-07-25,"Ludwigshafen am Rhein, Germany Rhineland-Palatinate",13580,am-germany-ludwigshafen-palatinate-rhein-rhineland,,,False,False,False,False,https://www.cruisemapper.com/ships/AmaVenita-1005
AmaVenita,1005,AmaWaterways,,2026-07-21,5,2026-07-26,"Kehl-Strasbourg, Germany Baden-Wurttemberg",3920,baden-germany-kehl-strasbourg-wurttemberg,,,False,False,False,False,https://www.cruisemapper.com/ships/AmaVenita-1005
AmaVenita,1005,AmaWaterways,,2026-07-21,6,2026-07-27,"Basel, Zurich, Switzerland",4482,basel-switzerland-zurich,,,False,False,True,False,https://www.cruisemapper.com/ships/AmaVenita-1005
AmaVerde,1004,AmaWaterways,,2026-07-13,1,2026-07-13,"Giurgiu, Romania",4352,giurgiu-romania,,,False,True,False,False,https://www.cruisemapper.com/ships/AmaVerde-1004
AmaVerde,1004,AmaWaterways,,2026-07-13,2,2026-07-14,"Ruse, Rousse-Russe, Bulgaria",2110,bulgaria-rousse-ruse-russe,,,False,False,False,False,https://www.cruisemapper.com/ships/AmaVerde-1004
AmaVerde,1004,AmaWaterways,,2026-07-13,3,2026-07-15,"Vidin, Bulgaria",133,bulgaria-vidin,,,False,False,False,False,https://www.cruisemapper.com/ships/AmaVerde-1004
AmaVerde,1004,AmaWaterways,,2026-07-13,4,2026-07-16,"Golubac, Serbia",13475,golubac-serbia,,,False,False,False,False,https://www.cruisemapper.com/ships/AmaVerde-1004
AmaVerde,1004,AmaWaterways,,2026-07-13,5,2026-07-17,"Belgrade, Serbia",2107,belgrade-serbia,,,False,False,False,False,https://www.cruisemapper.com/ships/AmaVerde-1004
AmaVerde,1004,AmaWaterways,,2026-07-13,6,2026-07-18,"Vukovar, Croatia",4689,croatia-vukovar,,,False,False,False,False,https://www.cruisemapper.com/ships/AmaVerde-1004
AmaVerde,1004,AmaWaterways,,2026-07-13,7,2026-07-19,"Mohacs, Villany-Pecs, Hungary",4093,hungary-mohacs-pecs-villany,,,False,False,False,False,https://www.cruisemapper.com/ships/AmaVerde-1004
AmaVerde,1004,AmaWaterways,,2026-07-13,8,2026-07-20,"Budapest, Hungary",4091,budapest-hungary,,,False,False,False,False,https://www.cruisemapper.com/ships/AmaVerde-1004
AmaVerde,1004,AmaWaterways,,2026-07-13,9,2026-07-22,"Bratislava, Slovakia",2099,bratislava-slovakia,,,False,False,False,False,https://www.cruisemapper.com/ships/AmaVerde-1004
AmaVerde,1004,AmaWaterways,,2026-07-13,10,2026-07-23,"Vienna, Wien, Austria",3609,austria-vienna-wien,,,False,False,False,False,https://www.cruisemapper.com/ships/AmaVerde-1004
AmaVerde,1004,AmaWaterways,,2026-07-13,11,2026-07-24,"Weissenkirchen in der Wachau, Austria",1733,austria-der-in-wachau-weissenkirchen,,,False,False,False,False,https://www.cruisemapper.com/ships/AmaVerde-1004
AmaVerde,1004,AmaWaterways,,2026-07-13,12,2026-07-24,"Grein, Austria",2326,austria-grein,,,False,False,False,False,https://www.cruisemapper.com/ships/AmaVerde-1004
AmaVerde,1004,AmaWaterways,,2026-07-13,13,2026-07-25,"Linz, Austria",1202,austria-linz,,,False,False,False,False,https://www.cruisemapper.com/ships/AmaVerde-1004
AmaVerde,1004,AmaWaterways,,2026-07-13,14,2026-07-26,"Passau, Germany Bavaria",4000,bavaria-germany-passau,,,False,False,False,False,https://www.cruisemapper.com/ships/AmaVerde-1004
AmaVerde,1004,AmaWaterways,,2026-07-13,15,2026-07-26,"Vilshofen an der Donau, Germany Bavaria",1204,an-bavaria-der-donau-germany-vilshofen,,,False,False,True,False,https://www.cruisemapper.com/ships/AmaVerde-1004
AmaVida,1001,AmaWaterways,,2026-07-25,1,2026-07-25,"Porto-Leixoes, Oporto, Portugal",3739,leixoes-oporto-porto-portugal,,,False,True,False,False,https://www.cruisemapper.com/ships/AmaVida-1001
AmaVida,1001,AmaWaterways,,2026-07-25,2,2026-07-27,"Entre-os-Rios, Portugal",2187,entre-os-portugal-rios,,,False,False,False,False,https://www.cruisemapper.com/ships/AmaVida-1001
AmaVida,1001,AmaWaterways,,2026-07-25,3,2026-07-28,"Regua, Portugal, Lamego",4338,lamego-portugal-regua,,,False,False,False,False,https://www.cruisemapper.com/ships/AmaVida-1001
AmaVida,1001,AmaWaterways,,2026-07-25,4,2026-07-29,"Pinhao, Portugal, Favaios",4337,favaios-pinhao-portugal,,,False,False,False,False,https://www.cruisemapper.com/ships/AmaVida-1001
AmaVida,1001,AmaWaterways,,2026-07-25,5,2026-07-31,"Barca d'Alva, Portugal, Castelo Rodrigo",4899,alva-barca-castelo-d-portugal-rodrigo,,,False,False,False,False,https://www.cruisemapper.com/ships/AmaVida-1001
AmaVida,1001,AmaWaterways,,2026-07-25,6,2026-08-01,"Vega de Terron-Salamanca, Spain",4447,salamanca-spain-terron-vega,,,False,False,True,False,https://www.cruisemapper.com/ships/AmaVida-1001
AmaViola,1078,AmaWaterways,,2026-07-25,1,2026-07-25,"Basel, Zurich, Switzerland",4482,basel-switzerland-zurich,,,False,True,False,False,https://www.cruisemapper.com/ships/AmaViola-1078
AmaViola,1078,AmaWaterways,,2026-07-25,2,2026-07-26,"Breisach am Rhein, Germany Baden-Wurttemberg",3973,am-baden-breisach-germany-rhein-wurttemberg,,,False,False,False,False,https://www.cruisemapper.com/ships/AmaViola-1078
AmaViola,1078,AmaWaterways,,2026-07-25,3,2026-07-27,"Kehl-Strasbourg, Germany Baden-Wurttemberg",3920,baden-germany-kehl-strasbourg-wurttemberg,,,False,False,False,False,https://www.cruisemapper.com/ships/AmaViola-1078
AmaViola,1078,AmaWaterways,,2026-07-25,4,2026-07-28,"Ludwigshafen am Rhein, Germany Rhineland-Palatinate",13580,am-germany-ludwigshafen-palatinate-rhein-rhineland,,,False,False,False,False,https://www.cruisemapper.com/ships/AmaViola-1078
AmaViola,1078,AmaWaterways,,2026-07-25,5,2026-07-28,"Rudesheim am Rhein, Germany Hesse",1193,am-germany-hesse-rhein-rudesheim,,,False,False,False,False,https://www.cruisemapper.com/ships/AmaViola-1078
AmaViola,1078,AmaWaterways,,2026-07-25,6,2026-07-29,"Lahnstein, Germany Rhineland-Palatinate",13583,germany-lahnstein-palatinate-rhineland,,,False,False,False,False,https://www.cruisemapper.com/ships/AmaViola-1078
AmaViola,1078,AmaWaterways,,2026-07-25,7,2026-07-30,"Monheim am Rhein, Germany North Rhine-Westphalia",14282,am-germany-monheim-north-rhein-rhine-westphalia,,,False,False,False,False,https://www.cruisemapper.com/ships/AmaViola-1078
AmaViola,1078,AmaWaterways,,2026-07-25,8,2026-07-30,"Dusseldorf, Germany North Rhine-Westphalia",2327,dusseldorf-germany-north-rhine-westphalia,,,False,False,False,False,https://www.cruisemapper.com/ships/AmaViola-1078
AmaViola,1078,AmaWaterways,,2026-07-25,9,2026-07-31,"Amsterdam, Netherlands North Holland",56,amsterdam-holland-netherlands-north,,,False,False,True,False,https://www.cruisemapper.com/ships/AmaViola-1078
Amadea,555,Phoenix Reisen,,2026-07-23,1,2026-07-23,"Bremerhaven, Bremen, Germany",311,bremen-bremerhaven-germany,,18:00,False,True,False,False,https://www.cruisemapper.com/ships/Amadea-555
Amadea,555,Phoenix Reisen,,2026-07-23,2,2026-07-27,"Husavik, Iceland",1374,husavik-iceland,08:00,18:00,False,False,False,False,https://www.cruisemapper.com/ships/Amadea-555
Amadea,555,Phoenix Reisen,,2026-07-23,3,2026-07-28,"Isafjordur, Westfjords Iceland",703,iceland-isafjordur-westfjords,09:00,19:00,False,False,False,False,https://www.cruisemapper.com/ships/Amadea-555
Amadea,555,Phoenix Reisen,,2026-07-23,4,2026-07-29,sea cruising,,cruising-sea,,,False,False,False,False,https://www.cruisemapper.com/ships/Amadea-555
Amadea,555,Phoenix Reisen,,2026-07-23,5,2026-07-30,"Tasiilaq, Ammassalik Island Greenland",893,ammassalik-greenland-tasiilaq,,,False,False,False,False,https://www.cruisemapper.com/ships/Amadea-555
Amadea,555,Phoenix Reisen,,2026-07-23,6,2026-08-01,Prince Christian Sound Greenland,,christian-greenland-prince-sound,,,False,False,False,False,https://www.cruisemapper.com/ships/Amadea-555
Amadea,555,Phoenix Reisen,,2026-07-23,7,2026-08-03,coastal cruising,,coastal-cruising,,,False,False,False,False,https://www.cruisemapper.com/ships/Amadea-555
Amadea,555,Phoenix Reisen,,2026-07-23,8,2026-08-03,"Sisimiut, Greenland",960,greenland-sisimiut,,,False,False,False,False,https://www.cruisemapper.com/ships/Amadea-555
Amadea,555,Phoenix Reisen,,2026-07-23,9,2026-08-04,coastal cruising,,coastal-cruising,,,False,False,False,False,https://www.cruisemapper.com/ships/Amadea-555
Amadea,555,Phoenix Reisen,,2026-07-23,10,2026-08-04,"Ilulissat, Greenland",1573,greenland-ilulissat,,,False,False,False,False,https://www.cruisemapper.com/ships/Amadea-555
Amadea,555,Phoenix Reisen,,2026-07-23,11,2026-08-07,"Nuuk, Greenland",961,greenland-nuuk,,,False,False,False,False,https://www.cruisemapper.com/ships/Amadea-555
Amadea,555,Phoenix Reisen,,2026-07-23,12,2026-08-09,"Narsaq, Greenland",2447,greenland-narsaq,,,False,False,False,False,https://www.cruisemapper.com/ships/Amadea-555
Amadea,555,Phoenix Reisen,,2026-07-23,13,2026-08-12,coastal cruising,,coastal-cruising,,,False,False,False,False,https://www.cruisemapper.com/ships/Amadea-555
Amadea,555,Phoenix Reisen,,2026-07-23,14,2026-08-12,"Reykjavik, Iceland",545,iceland-reykjavik,08:00,18:00,False,False,False,False,https://www.cruisemapper.com/ships/Amadea-555
Amadea,555,Phoenix Reisen,,2026-07-23,15,2026-08-16,"Bremerhaven, Bremen, Germany",311,bremen-bremerhaven-germany,09:00,,False,False,True,False,https://www.cruisemapper.com/ships/Amadea-555
Amadeus Amara,2258,Luftner-Amadeus River Cruises,,2026-08-02,1,2026-08-02,"Trier, Germany Rhineland-Palatinate",4017,germany-palatinate-rhineland-trier,,16:00,False,True,False,False,https://www.cruisemapper.com/ships/Amadeus-Amara-2258
Amadeus Amara,2258,Luftner-Amadeus River Cruises,,2026-08-02,2,2026-08-03,"Cochem, Germany Rhineland-Palatinate",3974,cochem-germany-palatinate-rhineland,07:00,13:30,False,False,False,False,https://www.cruisemapper.com/ships/Amadeus-Amara-2258
Amadeus Amara,2258,Luftner-Amadeus River Cruises,,2026-08-02,3,2026-08-03,"Koblenz, Germany Rhineland-Palatinate",3984,germany-koblenz-palatinate-rhineland,22:00,13:00,False,False,False,False,https://www.cruisemapper.com/ships/Amadeus-Amara-2258
Amadeus Amara,2258,Luftner-Amadeus River Cruises,,2026-08-02,4,2026-08-05,"Miltenberg, Germany Bavaria",3992,bavaria-germany-miltenberg,14:00,14:30,False,False,False,False,https://www.cruisemapper.com/ships/Amadeus-Amara-2258
Amadeus Amara,2258,Luftner-Amadeus River Cruises,,2026-08-02,5,2026-08-05,"Wertheim am Main, Germany Baden-Wurttemberg",4020,am-baden-germany-main-wertheim-wurttemberg,19:00,19:30,False,False,False,False,https://www.cruisemapper.com/ships/Amadeus-Amara-2258
Amadeus Amara,2258,Luftner-Amadeus River Cruises,,2026-08-02,6,2026-08-06,"Wurzburg, Germany Bavaria",4025,bavaria-germany-wurzburg,08:00,18:00,False,False,False,False,https://www.cruisemapper.com/ships/Amadeus-Amara-2258
Amadeus Amara,2258,Luftner-Amadeus River Cruises,,2026-08-02,7,2026-08-07,"Zeil am Main, Germany Bavaria",,am-bavaria-germany-main-zeil,13:00,13:30,False,False,False,False,https://www.cruisemapper.com/ships/Amadeus-Amara-2258
Amadeus Amara,2258,Luftner-Amadeus River Cruises,,2026-08-02,8,2026-08-07,"Bamberg, Germany Bavaria",3969,bamberg-bavaria-germany,18:30,19:00,False,False,False,False,https://www.cruisemapper.com/ships/Amadeus-Amara-2258
Amadeus Amara,2258,Luftner-Amadeus River Cruises,,2026-08-02,9,2026-08-08,"Nuremberg, Nurnberg, Germany Bavaria",3997,bavaria-germany-nuremberg-nurnberg,07:00,13:00,False,False,False,False,https://www.cruisemapper.com/ships/Amadeus-Amara-2258
Amadeus Amara,2258,Luftner-Amadeus River Cruises,,2026-08-02,10,2026-08-09,"Regensburg, Germany Bavaria",4006,bavaria-germany-regensburg,09:00,20:00,False,False,False,False,https://www.cruisemapper.com/ships/Amadeus-Amara-2258
Amadeus Amara,2258,Luftner-Amadeus River Cruises,,2026-08-02,11,2026-08-10,"Passau, Germany Bavaria",4000,bavaria-germany-passau,09:00,,False,False,True,False,https://www.cruisemapper.com/ships/Amadeus-Amara-2258
Amadeus Aurea,2257,Luftner-Amadeus River Cruises,,2026-07-14,1,2026-07-15,"Budapest, Hungary",4091,budapest-hungary,,22:00,False,True,False,True,https://www.cruisemapper.com/ships/Amadeus-Aurea-2257
Amadeus Aurea,2257,Luftner-Amadeus River Cruises,,2026-07-14,2,2026-07-14,"Budapest, Hungary",4091,budapest-hungary,,,False,False,False,True,https://www.cruisemapper.com/ships/Amadeus-Aurea-2257
Amadeus Aurea,2257,Luftner-Amadeus River Cruises,,2026-07-14,3,2026-07-16,"Bratislava, Slovakia",2099,bratislava-slovakia,14:00,23:59,False,False,False,False,https://www.cruisemapper.com/ships/Amadeus-Aurea-2257
Amadeus Aurea,2257,Luftner-Amadeus River Cruises,,2026-07-14,4,2026-07-17,"Vienna, Wien, Austria",3609,austria-vienna-wien,08:00,23:30,False,False,False,False,https://www.cruisemapper.com/ships/Amadeus-Aurea-2257
Amadeus Aurea,2257,Luftner-Amadeus River Cruises,,2026-07-14,5,2026-07-18,"Durnstein, Austria",3605,austria-durnstein,07:00,11:00,False,False,False,False,https://www.cruisemapper.com/ships/Amadeus-Aurea-2257
Amadeus Aurea,2257,Luftner-Amadeus River Cruises,,2026-07-14,6,2026-07-18,"Melk, Austria",3607,austria-melk,14:00,18:00,False,False,False,False,https://www.cruisemapper.com/ships/Amadeus-Aurea-2257
Amadeus Aurea,2257,Luftner-Amadeus River Cruises,,2026-07-14,7,2026-07-19,"Passau, Germany Bavaria",4000,bavaria-germany-passau,12:00,16:30,False,False,False,False,https://www.cruisemapper.com/ships/Amadeus-Aurea-2257
Amadeus Aurea,2257,Luftner-Amadeus River Cruises,,2026-07-14,8,2026-07-20,"Regensburg, Germany Bavaria",4006,bavaria-germany-regensburg,09:30,12:30,False,False,False,False,https://www.cruisemapper.com/ships/Amadeus-Aurea-2257
Amadeus Aurea,2257,Luftner-Amadeus River Cruises,,2026-07-14,9,2026-07-21,"Nuremberg, Nurnberg, Germany Bavaria",3997,bavaria-germany-nuremberg-nurnberg,09:00,18:00,False,False,False,False,https://www.cruisemapper.com/ships/Amadeus-Aurea-2257
Amadeus Aurea,2257,Luftner-Amadeus River Cruises,,2026-07-14,10,2026-07-22,"Bamberg, Germany Bavaria",3969,bamberg-bavaria-germany,08:00,12:30,False,False,False,False,https://www.cruisemapper.com/ships/Amadeus-Aurea-2257
Amadeus Aurea,2257,Luftner-Amadeus River Cruises,,2026-07-14,11,2026-07-23,"Wurzburg, Germany Bavaria",4025,bavaria-germany-wurzburg,09:00,18:00,False,False,False,False,https://www.cruisemapper.com/ships/Amadeus-Aurea-2257
Amadeus Aurea,2257,Luftner-Amadeus River Cruises,,2026-07-14,12,2026-07-24,"Wertheim am Main, Germany Baden-Wurttemberg",4020,am-baden-germany-main-wertheim-wurttemberg,07:00,09:00,False,False,False,False,https://www.cruisemapper.com/ships/Amadeus-Aurea-2257
Amadeus Aurea,2257,Luftner-Amadeus River Cruises,,2026-07-14,13,2026-07-24,"Miltenberg, Germany Bavaria",3992,bavaria-germany-miltenberg,12:30,13:00,False,False,False,False,https://www.cruisemapper.com/ships/Amadeus-Aurea-2257
Amadeus Aurea,2257,Luftner-Amadeus River Cruises,,2026-07-14,14,2026-07-25,"Rudesheim am Rhein, Germany Hesse",1193,am-germany-hesse-rhein-rudesheim,07:00,13:00,False,False,False,False,https://www.cruisemapper.com/ships/Amadeus-Aurea-2257
Amadeus Aurea,2257,Luftner-Amadeus River Cruises,,2026-07-14,15,2026-07-26,"Cologne, Koln, Germany North Rhine-Westphalia",3975,cologne-germany-koln-north-rhine-westphalia,00:01,19:00,False,False,False,False,https://www.cruisemapper.com/ships/Amadeus-Aurea-2257
Amadeus Aurea,2257,Luftner-Amadeus River Cruises,,2026-07-14,16,2026-07-27,"Utrecht, Netherlands Utrecht",3342,netherlands-utrecht,08:30,09:00,False,False,False,False,https://www.cruisemapper.com/ships/Amadeus-Aurea-2257
Amadeus Aurea,2257,Luftner-Amadeus River Cruises,,2026-07-14,17,2026-07-27,"Amsterdam, Netherlands North Holland",56,amsterdam-holland-netherlands-north,,,False,False,False,True,https://www.cruisemapper.com/ships/Amadeus-Aurea-2257
Amadeus Aurea,2257,Luftner-Amadeus River Cruises,,2026-07-14,18,2026-07-28,"Amsterdam, Netherlands North Holland",56,amsterdam-holland-netherlands-north,,,False,False,True,True,https://www.cruisemapper.com/ships/Amadeus-Aurea-2257
Amadeus Brilliant,1228,Luftner-Amadeus River Cruises,,2026-10-13,1,2026-10-13,"Cologne, Koln, Germany North Rhine-Westphalia",3975,cologne-germany-koln-north-rhine-westphalia,,18:00,False,True,False,False,https://www.cruisemapper.com/ships/Amadeus-Brilliant-1228
Amadeus Brilliant,1228,Luftner-Amadeus River Cruises,,2026-10-13,2,2026-10-14,"Rudesheim am Rhein, Germany Hesse",1193,am-germany-hesse-rhein-rudesheim,11:30,16:00,False,False,False,False,https://www.cruisemapper.com/ships/Amadeus-Brilliant-1228
Amadeus Brilliant,1228,Luftner-Amadeus River Cruises,,2026-10-13,3,2026-10-15,"Miltenberg, Germany Bavaria",3992,bavaria-germany-miltenberg,11:00,13:00,False,False,False,False,https://www.cruisemapper.com/ships/Amadeus-Brilliant-1228
Amadeus Brilliant,1228,Luftner-Amadeus River Cruises,,2026-10-13,4,2026-10-15,"Wertheim am Main, Germany Baden-Wurttemberg",4020,am-baden-germany-main-wertheim-wurttemberg,17:00,18:15,False,False,False,False,https://www.cruisemapper.com/ships/Amadeus-Brilliant-1228
Amadeus Brilliant,1228,Luftner-Amadeus River Cruises,,2026-10-13,5,2026-10-16,"Wurzburg, Germany Bavaria",4025,bavaria-germany-wurzburg,08:00,18:00,False,False,False,False,https://www.cruisemapper.com/ships/Amadeus-Brilliant-1228
Amadeus Brilliant,1228,Luftner-Amadeus River Cruises,,2026-10-13,6,2026-10-17,"Bamberg, Germany Bavaria",3969,bamberg-bavaria-germany,15:00,19:00,False,False,False,False,https://www.cruisemapper.com/ships/Amadeus-Brilliant-1228
Amadeus Brilliant,1228,Luftner-Amadeus River Cruises,,2026-10-13,7,2026-10-18,"Nuremberg, Nurnberg, Germany Bavaria",3997,bavaria-germany-nuremberg-nurnberg,05:00,13:00,False,False,False,False,https://www.cruisemapper.com/ships/Amadeus-Brilliant-1228
Amadeus Brilliant,1228,Luftner-Amadeus River Cruises,,2026-10-13,8,2026-10-19,"Regensburg, Germany Bavaria",4006,bavaria-germany-regensburg,08:00,18:00,False,False,False,False,https://www.cruisemapper.com/ships/Amadeus-Brilliant-1228
Amadeus Brilliant,1228,Luftner-Amadeus River Cruises,,2026-10-13,9,2026-10-20,"Passau, Germany Bavaria",4000,bavaria-germany-passau,08:00,,False,False,True,False,https://www.cruisemapper.com/ships/Amadeus-Brilliant-1228
Amadeus Cara,1552,Luftner-Amadeus River Cruises,,2027-03-29,1,2027-03-29,"Amsterdam, Netherlands North Holland",56,amsterdam-holland-netherlands-north,,22:00,False,True,False,False,https://www.cruisemapper.com/ships/Amadeus-Cara-1552
Amadeus Cara,1552,Luftner-Amadeus River Cruises,,2027-03-29,2,2027-03-30,"Arnhem, Netherlands Gelderland",2116,arnhem-gelderland-netherlands,08:00,18:30,False,False,False,False,https://www.cruisemapper.com/ships/Amadeus-Cara-1552
Amadeus Cara,1552,Luftner-Amadeus River Cruises,,2027-03-29,3,2027-03-31,"Middelburg, Netherlands Zeeland",217,middelburg-netherlands-zeeland,11:00,18:00,False,False,False,False,https://www.cruisemapper.com/ships/Amadeus-Cara-1552
Amadeus Cara,1552,Luftner-Amadeus River Cruises,,2027-03-29,4,2027-04-01,"Ghent, Belgium",956,belgium-ghent,02:00,19:30,False,False,False,False,https://www.cruisemapper.com/ships/Amadeus-Cara-1552
Amadeus Cara,1552,Luftner-Amadeus River Cruises,,2027-03-29,5,2027-04-02,"Antwerp, Belgium",948,antwerp-belgium,05:00,20:00,False,False,False,False,https://www.cruisemapper.com/ships/Amadeus-Cara-1552
Amadeus Cara,1552,Luftner-Amadeus River Cruises,,2027-03-29,6,2027-04-03,"Rotterdam, Netherlands South Holland",54,holland-netherlands-rotterdam-south,06:00,21:00,False,False,False,False,https://www.cruisemapper.com/ships/Amadeus-Cara-1552
Amadeus Cara,1552,Luftner-Amadeus River Cruises,,2027-03-29,7,2027-04-04,"Amsterdam, Netherlands North Holland",56,amsterdam-holland-netherlands-north,,,False,False,False,True,https://www.cruisemapper.com/ships/Amadeus-Cara-1552
Amadeus Cara,1552,Luftner-Amadeus River Cruises,,2027-03-29,8,2027-04-05,"Amsterdam, Netherlands North Holland",56,amsterdam-holland-netherlands-north,,,False,False,True,True,https://www.cruisemapper.com/ships/Amadeus-Cara-1552
Amadeus Diamond,1230,Luftner-Amadeus River Cruises,,2026-08-05,1,2026-08-05,"Paris City, France",378,city-france-paris,,20:00,False,True,False,False,https://www.cruisemapper.com/ships/Amadeus-Diamond-1230
Amadeus Diamond,1230,Luftner-Amadeus River Cruises,,2026-08-05,2,2026-08-06,"Conflans-Sainte-Honorine, France",4897,conflans-france-honorine-sainte,01:30,17:00,False,False,False,False,https://www.cruisemapper.com/ships/Amadeus-Diamond-1230
Amadeus Diamond,1230,Luftner-Amadeus River Cruises,,2026-08-05,3,2026-08-07,"Rouen, France",3937,france-rouen,08:00,17:30,False,False,False,False,https://www.cruisemapper.com/ships/Amadeus-Diamond-1230
Amadeus Diamond,1230,Luftner-Amadeus River Cruises,,2026-08-05,4,2026-08-08,"Le Havre-Paris, France",47,france-havre-paris,03:30,09:00,False,False,False,False,https://www.cruisemapper.com/ships/Amadeus-Diamond-1230
Amadeus Diamond,1230,Luftner-Amadeus River Cruises,,2026-08-05,5,2026-08-09,"Rives-en-Seine, France, Caudebec-en-Caux",4896,caudebec-caux-en-france-rives-seine,15:00,22:00,False,False,False,False,https://www.cruisemapper.com/ships/Amadeus-Diamond-1230
Amadeus Diamond,1230,Luftner-Amadeus River Cruises,,2026-08-05,6,2026-08-10,"Les Andelys, France",3872,andelys-france-les,08:00,09:00,False,False,False,False,https://www.cruisemapper.com/ships/Amadeus-Diamond-1230
Amadeus Diamond,1230,Luftner-Amadeus River Cruises,,2026-08-05,7,2026-08-10,"Vernon, France",3928,france-vernon,11:30,13:30,False,False,False,False,https://www.cruisemapper.com/ships/Amadeus-Diamond-1230
Amadeus Diamond,1230,Luftner-Amadeus River Cruises,,2026-08-05,8,2026-08-10,"Mantes-la-Jolie, France",3895,france-jolie-mantes,17:30,18:30,False,False,False,False,https://www.cruisemapper.com/ships/Amadeus-Diamond-1230
Amadeus Diamond,1230,Luftner-Amadeus River Cruises,,2026-08-05,9,2026-08-11,"Paris City, France",378,city-france-paris,,,False,False,False,True,https://www.cruisemapper.com/ships/Amadeus-Diamond-1230
Amadeus Diamond,1230,Luftner-Amadeus River Cruises,,2026-08-05,10,2026-08-12,"Paris City, France",378,city-france-paris,,,False,False,True,True,https://www.cruisemapper.com/ships/Amadeus-Diamond-1230
Amadeus Imperial,1497,Luftner-Amadeus River Cruises,,2026-08-22,1,2026-08-22,"Passau, Germany Bavaria",4000,bavaria-germany-passau,,17:00,False,True,False,False,https://www.cruisemapper.com/ships/Amadeus-Imperial-1497
Amadeus Imperial,1497,Luftner-Amadeus River Cruises,,2026-08-22,2,2026-08-23,"Emmersdorf an der Donau, Austria",3409,an-austria-der-donau-emmersdorf,09:00,11:30,False,False,False,False,https://www.cruisemapper.com/ships/Amadeus-Imperial-1497
Amadeus Imperial,1497,Luftner-Amadeus River Cruises,,2026-08-22,3,2026-08-23,"Durnstein, Austria",3605,austria-durnstein,13:30,16:00,False,False,False,False,https://www.cruisemapper.com/ships/Amadeus-Imperial-1497
Amadeus Imperial,1497,Luftner-Amadeus River Cruises,,2026-08-22,4,2026-08-23,"Vienna, Wien, Austria",3609,austria-vienna-wien,21:00,19:00,False,False,False,False,https://www.cruisemapper.com/ships/Amadeus-Imperial-1497
Amadeus Imperial,1497,Luftner-Amadeus River Cruises,,2026-08-22,5,2026-08-25,"Budapest, Hungary",4091,budapest-hungary,11:30,13:30,False,False,False,False,https://www.cruisemapper.com/ships/Amadeus-Imperial-1497
Amadeus Imperial,1497,Luftner-Amadeus River Cruises,,2026-08-22,6,2026-08-26,"Esztergom, Hungary",381,esztergom-hungary,19:00,19:15,False,False,False,False,https://www.cruisemapper.com/ships/Amadeus-Imperial-1497
Amadeus Imperial,1497,Luftner-Amadeus River Cruises,,2026-08-22,7,2026-08-27,"Bratislava, Slovakia",2099,bratislava-slovakia,08:00,14:00,False,False,False,False,https://www.cruisemapper.com/ships/Amadeus-Imperial-1497
Amadeus Imperial,1497,Luftner-Amadeus River Cruises,,2026-08-22,8,2026-08-27,"Hainburg an der Donau, Austria",9910,an-austria-der-donau-hainburg,16:00,16:30,False,False,False,False,https://www.cruisemapper.com/ships/Amadeus-Imperial-1497
Amadeus Imperial,1497,Luftner-Amadeus River Cruises,,2026-08-22,9,2026-08-28,"Linz, Austria",1202,austria-linz,14:00,22:00,False,False,False,False,https://www.cruisemapper.com/ships/Amadeus-Imperial-1497
Amadeus Imperial,1497,Luftner-Amadeus River Cruises,,2026-08-22,10,2026-08-29,"Passau, Germany Bavaria",4000,bavaria-germany-passau,07:30,,False,False,True,False,https://www.cruisemapper.com/ships/Amadeus-Imperial-1497
Amadeus Mira,2006,Luftner-Amadeus River Cruises,,2027-04-17,1,2027-04-17,"Amsterdam, Netherlands North Holland",56,amsterdam-holland-netherlands-north,,22:00,False,True,False,False,https://www.cruisemapper.com/ships/Amadeus-Mira-2006
Amadeus Mira,2006,Luftner-Amadeus River Cruises,,2027-04-17,2,2027-04-18,"Arnhem, Netherlands Gelderland",2116,arnhem-gelderland-netherlands,08:00,18:30,False,False,False,False,https://www.cruisemapper.com/ships/Amadeus-Mira-2006
Amadeus Mira,2006,Luftner-Amadeus River Cruises,,2027-04-17,3,2027-04-19,"Middelburg, Netherlands Zeeland",217,middelburg-netherlands-zeeland,11:00,18:00,False,False,False,False,https://www.cruisemapper.com/ships/Amadeus-Mira-2006
Amadeus Mira,2006,Luftner-Amadeus River Cruises,,2027-04-17,4,2027-04-20,"Ghent, Belgium",956,belgium-ghent,02:00,19:30,False,False,False,False,https://www.cruisemapper.com/ships/Amadeus-Mira-2006
Amadeus Mira,2006,Luftner-Amadeus River Cruises,,2027-04-17,5,2027-04-21,"Antwerp, Belgium",948,antwerp-belgium,05:00,20:00,False,False,False,False,https://www.cruisemapper.com/ships/Amadeus-Mira-2006
Amadeus Mira,2006,Luftner-Amadeus River Cruises,,2027-04-17,6,2027-04-22,"Rotterdam, Netherlands South Holland",54,holland-netherlands-rotterdam-south,06:00,21:00,False,False,False,False,https://www.cruisemapper.com/ships/Amadeus-Mira-2006
Amadeus Mira,2006,Luftner-Amadeus River Cruises,,2027-04-17,7,2027-04-23,"Amsterdam, Netherlands North Holland",56,amsterdam-holland-netherlands-north,,,False,False,False,True,https://www.cruisemapper.com/ships/Amadeus-Mira-2006
Amadeus Mira,2006,Luftner-Amadeus River Cruises,,2027-04-17,8,2027-04-24,"Amsterdam, Netherlands North Holland",56,amsterdam-holland-netherlands-north,,,False,False,True,True,https://www.cruisemapper.com/ships/Amadeus-Mira-2006
Amadeus Nova,1782,Luftner-Amadeus River Cruises,,2026-07-20,1,2026-07-20,"Passau, Germany Bavaria",4000,bavaria-germany-passau,,17:00,False,True,False,False,https://www.cruisemapper.com/ships/Amadeus-Nova-1782
Amadeus Nova,1782,Luftner-Amadeus River Cruises,,2026-07-20,2,2026-07-21,"Emmersdorf an der Donau, Austria",3409,an-austria-der-donau-emmersdorf,09:00,11:30,False,False,False,False,https://www.cruisemapper.com/ships/Amadeus-Nova-1782
Amadeus Nova,1782,Luftner-Amadeus River Cruises,,2026-07-20,3,2026-07-21,"Durnstein, Austria",3605,austria-durnstein,13:30,16:00,False,False,False,False,https://www.cruisemapper.com/ships/Amadeus-Nova-1782
Amadeus Nova,1782,Luftner-Amadeus River Cruises,,2026-07-20,4,2026-07-21,"Vienna, Wien, Austria",3609,austria-vienna-wien,21:00,19:00,False,False,False,False,https://www.cruisemapper.com/ships/Amadeus-Nova-1782
Amadeus Nova,1782,Luftner-Amadeus River Cruises,,2026-07-20,5,2026-07-23,"Budapest, Hungary",4091,budapest-hungary,11:30,13:30,False,False,False,False,https://www.cruisemapper.com/ships/Amadeus-Nova-1782
Amadeus Nova,1782,Luftner-Amadeus River Cruises,,2026-07-20,6,2026-07-24,"Esztergom, Hungary",381,esztergom-hungary,19:00,19:15,False,False,False,False,https://www.cruisemapper.com/ships/Amadeus-Nova-1782
Amadeus Nova,1782,Luftner-Amadeus River Cruises,,2026-07-20,7,2026-07-25,"Bratislava, Slovakia",2099,bratislava-slovakia,08:00,14:00,False,False,False,False,https://www.cruisemapper.com/ships/Amadeus-Nova-1782
Amadeus Nova,1782,Luftner-Amadeus River Cruises,,2026-07-20,8,2026-07-25,"Hainburg an der Donau, Austria",9910,an-austria-der-donau-hainburg,16:00,16:30,False,False,False,False,https://www.cruisemapper.com/ships/Amadeus-Nova-1782
Amadeus Nova,1782,Luftner-Amadeus River Cruises,,2026-07-20,9,2026-07-26,"Linz, Austria",1202,austria-linz,14:00,22:00,False,False,False,False,https://www.cruisemapper.com/ships/Amadeus-Nova-1782
Amadeus Nova,1782,Luftner-Amadeus River Cruises,,2026-07-20,10,2026-07-27,"Passau, Germany Bavaria",4000,bavaria-germany-passau,07:30,,False,False,True,False,https://www.cruisemapper.com/ships/Amadeus-Nova-1782
Amadeus Provence,1484,Luftner-Amadeus River Cruises,,2026-08-12,1,2026-08-12,"Lyon, France",3880,france-lyon,,22:00,False,True,False,False,https://www.cruisemapper.com/ships/Amadeus-Provence-1484
Amadeus Provence,1484,Luftner-Amadeus River Cruises,,2026-08-12,2,2026-08-13,"Macon, France",3881,france-macon,06:00,18:00,False,False,False,False,https://www.cruisemapper.com/ships/Amadeus-Provence-1484
Amadeus Provence,1484,Luftner-Amadeus River Cruises,,2026-08-12,3,2026-08-14,"Chalon-sur-Saone, France",3837,chalon-france-saone-sur,01:00,14:30,False,False,False,False,https://www.cruisemapper.com/ships/Amadeus-Provence-1484
Amadeus Provence,1484,Luftner-Amadeus River Cruises,,2026-08-12,4,2026-08-14,"Tournus, France",3927,france-tournus,17:30,19:30,False,False,False,False,https://www.cruisemapper.com/ships/Amadeus-Provence-1484
Amadeus Provence,1484,Luftner-Amadeus River Cruises,,2026-08-12,5,2026-08-15,"Lyon, France",3880,france-lyon,07:00,12:00,False,False,False,False,https://www.cruisemapper.com/ships/Amadeus-Provence-1484
Amadeus Provence,1484,Luftner-Amadeus River Cruises,,2026-08-12,6,2026-08-16,"Avignon, France",3826,avignon-france,09:00,19:00,False,False,False,False,https://www.cruisemapper.com/ships/Amadeus-Provence-1484
Amadeus Provence,1484,Luftner-Amadeus River Cruises,,2026-08-12,7,2026-08-17,"Arles, France",3824,arles-france,00:01,18:30,False,False,False,False,https://www.cruisemapper.com/ships/Amadeus-Provence-1484
Amadeus Provence,1484,Luftner-Amadeus River Cruises,,2026-08-12,8,2026-08-18,"Chateauneuf-du-Rhone, France",14047,chateauneuf-du-france-rhone,04:30,08:30,False,False,False,False,https://www.cruisemapper.com/ships/Amadeus-Provence-1484
Amadeus Provence,1484,Luftner-Amadeus River Cruises,,2026-08-12,9,2026-08-18,"Le Pouzin, France",11380,france-pouzin,12:30,14:30,False,False,False,False,https://www.cruisemapper.com/ships/Amadeus-Provence-1484
Amadeus Provence,1484,Luftner-Amadeus River Cruises,,2026-08-12,10,2026-08-18,"Tournon-sur-Rhone, Tain-l'Hermitage, France",3924,france-hermitage-l-rhone-sur-tain-tournon,18:30,19:30,False,False,False,False,https://www.cruisemapper.com/ships/Amadeus-Provence-1484
Amadeus Provence,1484,Luftner-Amadeus River Cruises,,2026-08-12,11,2026-08-19,"Lyon, France",3880,france-lyon,05:00,,False,False,True,False,https://www.cruisemapper.com/ships/Amadeus-Provence-1484
Amadeus Queen,1856,Luftner-Amadeus River Cruises,,2026-09-22,1,2026-09-22,"Passau, Germany Bavaria",4000,bavaria-germany-passau,,17:00,False,True,False,False,https://www.cruisemapper.com/ships/Amadeus-Queen-1856
Amadeus Queen,1856,Luftner-Amadeus River Cruises,,2026-09-22,2,2026-09-23,"Emmersdorf an der Donau, Austria",3409,an-austria-der-donau-emmersdorf,09:00,11:30,False,False,False,False,https://www.cruisemapper.com/ships/Amadeus-Queen-1856
Amadeus Queen,1856,Luftner-Amadeus River Cruises,,2026-09-22,3,2026-09-23,"Durnstein, Austria",3605,austria-durnstein,13:30,16:00,False,False,False,False,https://www.cruisemapper.com/ships/Amadeus-Queen-1856
Amadeus Queen,1856,Luftner-Amadeus River Cruises,,2026-09-22,4,2026-09-23,"Vienna, Wien, Austria",3609,austria-vienna-wien,21:00,19:00,False,False,False,False,https://www.cruisemapper.com/ships/Amadeus-Queen-1856
Amadeus Queen,1856,Luftner-Amadeus River Cruises,,2026-09-22,5,2026-09-25,"Budapest, Hungary",4091,budapest-hungary,11:30,13:30,False,False,False,False,https://www.cruisemapper.com/ships/Amadeus-Queen-1856
Amadeus Queen,1856,Luftner-Amadeus River Cruises,,2026-09-22,6,2026-09-26,"Esztergom, Hungary",381,esztergom-hungary,19:00,19:15,False,False,False,False,https://www.cruisemapper.com/ships/Amadeus-Queen-1856
Amadeus Queen,1856,Luftner-Amadeus River Cruises,,2026-09-22,7,2026-09-27,"Bratislava, Slovakia",2099,bratislava-slovakia,08:00,14:00,False,False,False,False,https://www.cruisemapper.com/ships/Amadeus-Queen-1856
Amadeus Queen,1856,Luftner-Amadeus River Cruises,,2026-09-22,8,2026-09-27,"Hainburg an der Donau, Austria",9910,an-austria-der-donau-hainburg,16:00,16:30,False,False,False,False,https://www.cruisemapper.com/ships/Amadeus-Queen-1856
Amadeus Queen,1856,Luftner-Amadeus River Cruises,,2026-09-22,9,2026-09-28,"Linz, Austria",1202,austria-linz,14:00,22:00,False,False,False,False,https://www.cruisemapper.com/ships/Amadeus-Queen-1856
Amadeus Queen,1856,Luftner-Amadeus River Cruises,,2026-09-22,10,2026-09-29,"Passau, Germany Bavaria",4000,bavaria-germany-passau,07:30,,False,False,True,False,https://www.cruisemapper.com/ships/Amadeus-Queen-1856
Amadeus Riva,1579,Luftner-Amadeus River Cruises,,2026-08-24,1,2026-08-25,"Amsterdam, Netherlands North Holland",56,amsterdam-holland-netherlands-north,,08:30,False,True,False,True,https://www.cruisemapper.com/ships/Amadeus-Riva-1579
Amadeus Riva,1579,Luftner-Amadeus River Cruises,,2026-08-24,2,2026-08-24,"Amsterdam, Netherlands North Holland",56,amsterdam-holland-netherlands-north,,,False,False,False,True,https://www.cruisemapper.com/ships/Amadeus-Riva-1579
Amadeus Riva,1579,Luftner-Amadeus River Cruises,,2026-08-24,3,2026-08-25,"Utrecht, Netherlands Utrecht",3342,netherlands-utrecht,12:30,13:00,False,False,False,False,https://www.cruisemapper.com/ships/Amadeus-Riva-1579
Amadeus Riva,1579,Luftner-Amadeus River Cruises,,2026-08-24,4,2026-08-26,"Cologne, Koln, Germany North Rhine-Westphalia",3975,cologne-germany-koln-north-rhine-westphalia,10:30,20:00,False,False,False,False,https://www.cruisemapper.com/ships/Amadeus-Riva-1579
Amadeus Riva,1579,Luftner-Amadeus River Cruises,,2026-08-24,5,2026-08-27,"Cochem, Germany Rhineland-Palatinate",3974,cochem-germany-palatinate-rhineland,14:00,21:45,False,False,False,False,https://www.cruisemapper.com/ships/Amadeus-Riva-1579
Amadeus Riva,1579,Luftner-Amadeus River Cruises,,2026-08-24,6,2026-08-28,"Koblenz, Germany Rhineland-Palatinate",3984,germany-koblenz-palatinate-rhineland,06:00,11:00,False,False,False,False,https://www.cruisemapper.com/ships/Amadeus-Riva-1579
Amadeus Riva,1579,Luftner-Amadeus River Cruises,,2026-08-24,7,2026-08-28,"Rudesheim am Rhein, Germany Hesse",1193,am-germany-hesse-rhein-rudesheim,17:00,22:00,False,False,False,False,https://www.cruisemapper.com/ships/Amadeus-Riva-1579
Amadeus Riva,1579,Luftner-Amadeus River Cruises,,2026-08-24,8,2026-08-29,"Mannheim, Germany Baden-Wurttemberg",3989,baden-germany-mannheim-wurttemberg,06:00,13:00,False,False,False,False,https://www.cruisemapper.com/ships/Amadeus-Riva-1579
Amadeus Riva,1579,Luftner-Amadeus River Cruises,,2026-08-24,9,2026-08-29,"Speyer, Germany Rhineland-Palatinate",4013,germany-palatinate-rhineland-speyer,15:30,19:30,False,False,False,False,https://www.cruisemapper.com/ships/Amadeus-Riva-1579
Amadeus Riva,1579,Luftner-Amadeus River Cruises,,2026-08-24,10,2026-08-30,"Kehl-Strasbourg, Germany Baden-Wurttemberg",3920,baden-germany-kehl-strasbourg-wurttemberg,07:30,13:00,False,False,False,False,https://www.cruisemapper.com/ships/Amadeus-Riva-1579
Amadeus Riva,1579,Luftner-Amadeus River Cruises,,2026-08-24,11,2026-08-31,"Basel, Zurich, Switzerland",4482,basel-switzerland-zurich,09:00,,False,False,True,False,https://www.cruisemapper.com/ships/Amadeus-Riva-1579
Amadeus Silver II,1236,Luftner-Amadeus River Cruises,,2026-12-05,1,2026-12-05,"Kehl-Strasbourg, Germany Baden-Wurttemberg",3920,baden-germany-kehl-strasbourg-wurttemberg,,22:00,False,True,False,False,https://www.cruisemapper.com/ships/Amadeus-Silver-II-1236
Amadeus Silver II,1236,Luftner-Amadeus River Cruises,,2026-12-05,2,2026-12-07,"Speyer, Germany Rhineland-Palatinate",4013,germany-palatinate-rhineland-speyer,05:00,20:00,False,False,False,False,https://www.cruisemapper.com/ships/Amadeus-Silver-II-1236
Amadeus Silver II,1236,Luftner-Amadeus River Cruises,,2026-12-05,3,2026-12-08,"Rudesheim am Rhein, Germany Hesse",1193,am-germany-hesse-rhein-rudesheim,05:00,11:00,False,False,False,False,https://www.cruisemapper.com/ships/Amadeus-Silver-II-1236
Amadeus Silver II,1236,Luftner-Amadeus River Cruises,,2026-12-05,4,2026-12-08,"Koblenz, Germany Rhineland-Palatinate",3984,germany-koblenz-palatinate-rhineland,15:30,21:59,False,False,False,False,https://www.cruisemapper.com/ships/Amadeus-Silver-II-1236
Amadeus Silver II,1236,Luftner-Amadeus River Cruises,,2026-12-05,5,2026-12-09,"Cologne, Koln, Germany North Rhine-Westphalia",3975,cologne-germany-koln-north-rhine-westphalia,04:00,,False,False,True,False,https://www.cruisemapper.com/ships/Amadeus-Silver-II-1236
Amadeus Star,1480,Luftner-Amadeus River Cruises,,2026-07-29,1,2026-07-30,"Amsterdam, Netherlands North Holland",56,amsterdam-holland-netherlands-north,,08:30,False,True,False,True,https://www.cruisemapper.com/ships/Amadeus-Star-1480
Amadeus Star,1480,Luftner-Amadeus River Cruises,,2026-07-29,2,2026-07-29,"Amsterdam, Netherlands North Holland",56,amsterdam-holland-netherlands-north,,,False,False,False,True,https://www.cruisemapper.com/ships/Amadeus-Star-1480
Amadeus Star,1480,Luftner-Amadeus River Cruises,,2026-07-29,3,2026-07-30,"Utrecht, Netherlands Utrecht",3342,netherlands-utrecht,12:30,13:00,False,False,False,False,https://www.cruisemapper.com/ships/Amadeus-Star-1480
Amadeus Star,1480,Luftner-Amadeus River Cruises,,2026-07-29,4,2026-07-31,"Cologne, Koln, Germany North Rhine-Westphalia",3975,cologne-germany-koln-north-rhine-westphalia,10:30,20:00,False,False,False,False,https://www.cruisemapper.com/ships/Amadeus-Star-1480
Amadeus Star,1480,Luftner-Amadeus River Cruises,,2026-07-29,5,2026-08-01,"Cochem, Germany Rhineland-Palatinate",3974,cochem-germany-palatinate-rhineland,14:00,21:45,False,False,False,False,https://www.cruisemapper.com/ships/Amadeus-Star-1480
Amadeus Star,1480,Luftner-Amadeus River Cruises,,2026-07-29,6,2026-08-02,"Koblenz, Germany Rhineland-Palatinate",3984,germany-koblenz-palatinate-rhineland,06:00,11:00,False,False,False,False,https://www.cruisemapper.com/ships/Amadeus-Star-1480
Amadeus Star,1480,Luftner-Amadeus River Cruises,,2026-07-29,7,2026-08-02,"Rudesheim am Rhein, Germany Hesse",1193,am-germany-hesse-rhein-rudesheim,17:00,22:00,False,False,False,False,https://www.cruisemapper.com/ships/Amadeus-Star-1480
Amadeus Star,1480,Luftner-Amadeus River Cruises,,2026-07-29,8,2026-08-03,"Mannheim, Germany Baden-Wurttemberg",3989,baden-germany-mannheim-wurttemberg,06:00,13:00,False,False,False,False,https://www.cruisemapper.com/ships/Amadeus-Star-1480
Amadeus Star,1480,Luftner-Amadeus River Cruises,,2026-07-29,9,2026-08-03,"Speyer, Germany Rhineland-Palatinate",4013,germany-palatinate-rhineland-speyer,15:30,19:30,False,False,False,False,https://www.cruisemapper.com/ships/Amadeus-Star-1480
Amadeus Star,1480,Luftner-Amadeus River Cruises,,2026-07-29,10,2026-08-04,"Kehl-Strasbourg, Germany Baden-Wurttemberg",3920,baden-germany-kehl-strasbourg-wurttemberg,07:30,13:00,False,False,False,False,https://www.cruisemapper.com/ships/Amadeus-Star-1480
Amadeus Star,1480,Luftner-Amadeus River Cruises,,2026-07-29,11,2026-08-05,"Basel, Zurich, Switzerland",4482,basel-switzerland-zurich,09:00,,False,False,True,False,https://www.cruisemapper.com/ships/Amadeus-Star-1480
Amazon Clipper Premium,1496,River Cruises,,2026-07-24,1,2026-07-24,flight,,flight,,,False,False,False,False,https://www.cruisemapper.com/ships/Amazon-Clipper-Premium-1496
Amazon Clipper Premium,1496,River Cruises,,2026-07-24,2,2026-07-24,hotel overnight,,hotel-overnight,,,False,False,False,False,https://www.cruisemapper.com/ships/Amazon-Clipper-Premium-1496
Amazon Clipper Premium,1496,River Cruises,,2026-07-24,3,2026-07-26,flight,,flight,,,False,False,False,False,https://www.cruisemapper.com/ships/Amazon-Clipper-Premium-1496
Amazon Clipper Premium,1496,River Cruises,,2026-07-24,4,2026-07-26,hotel overnight,,hotel-overnight,,,False,False,False,False,https://www.cruisemapper.com/ships/Amazon-Clipper-Premium-1496
Amazon Clipper Premium,1496,River Cruises,,2026-07-24,5,2026-07-27,flight,,flight,,,False,False,False,False,https://www.cruisemapper.com/ships/Amazon-Clipper-Premium-1496
Amazon Clipper Premium,1496,River Cruises,,2026-07-24,6,2026-07-27,"Manaus, Brazil Amazon",803,amazon-brazil-manaus,,,False,True,False,False,https://www.cruisemapper.com/ships/Amazon-Clipper-Premium-1496
Amazon Clipper Premium,1496,River Cruises,,2026-07-24,7,2026-08-01,"Velho Airao, Brazil Amazon",,airao-amazon-brazil-velho,,,False,False,False,False,https://www.cruisemapper.com/ships/Amazon-Clipper-Premium-1496
Amazon Clipper Premium,1496,River Cruises,,2026-07-24,8,2026-08-03,"Novo Airao, Brazil Amazon",,airao-amazon-brazil-novo,,,False,False,False,False,https://www.cruisemapper.com/ships/Amazon-Clipper-Premium-1496
Amazon Clipper Premium,1496,River Cruises,,2026-07-24,9,2026-08-04,"Manaus, Brazil Amazon",803,amazon-brazil-manaus,,,False,False,True,False,https://www.cruisemapper.com/ships/Amazon-Clipper-Premium-1496
Amazon Clipper Premium,1496,River Cruises,,2026-07-24,10,2026-08-05,hotel overnight,,hotel-overnight,,,False,False,False,False,https://www.cruisemapper.com/ships/Amazon-Clipper-Premium-1496
Amazon Clipper Premium,1496,River Cruises,,2026-07-24,11,2026-08-06,flight,,flight,,,False,False,False,False,https://www.cruisemapper.com/ships/Amazon-Clipper-Premium-1496
Ambience,552,Ambassador Cruise Line,,2026-07-20,1,2026-07-20,"London-Tilbury, England",1163,england-london-tilbury,,17:00,False,True,False,False,https://www.cruisemapper.com/ships/Ambience-552
Ambience,552,Ambassador Cruise Line,,2026-07-20,2,2026-07-22,"Goteborg, Gothenburg, Sweden",320,goteborg-gothenburg-sweden,09:00,18:00,False,False,False,False,https://www.cruisemapper.com/ships/Ambience-552
Ambience,552,Ambassador Cruise Line,,2026-07-20,3,2026-07-23,"Copenhagen, Denmark",58,copenhagen-denmark,08:00,17:00,False,False,False,False,https://www.cruisemapper.com/ships/Ambience-552
Ambience,552,Ambassador Cruise Line,,2026-07-20,4,2026-07-24,"Kiel, Germany",45,germany-kiel,09:00,18:00,False,False,False,False,https://www.cruisemapper.com/ships/Ambience-552
Ambience,552,Ambassador Cruise Line,,2026-07-20,5,2026-07-26,"Klaipeda, Lithuania",135,klaipeda-lithuania,08:00,18:00,False,False,False,False,https://www.cruisemapper.com/ships/Ambience-552
Ambience,552,Ambassador Cruise Line,,2026-07-20,6,2026-07-27,"Gdynia-Gdansk, Poland",136,gdansk-gdynia-poland,08:00,18:00,False,False,False,False,https://www.cruisemapper.com/ships/Ambience-552
Ambience,552,Ambassador Cruise Line,,2026-07-20,7,2026-07-28,"Bornholm Island Denmark, Ronne-Gudhjem",268,bornholm-denmark-gudhjem-ronne,09:00,18:00,False,False,False,False,https://www.cruisemapper.com/ships/Ambience-552
Ambience,552,Ambassador Cruise Line,,2026-07-20,8,2026-07-29,"Warnemunde-Rostock, Germany",52,germany-rostock-warnemunde,08:00,21:00,False,False,False,False,https://www.cruisemapper.com/ships/Ambience-552
Ambience,552,Ambassador Cruise Line,,2026-07-20,9,2026-08-01,"London-Tilbury, England",1163,england-london-tilbury,08:00,,False,False,True,False,https://www.cruisemapper.com/ships/Ambience-552
Ambition,761,Ambassador Cruise Line,,2026-07-24,1,2026-07-24,"Dundee, Scotland",3198,dundee-scotland,,20:00,False,True,False,False,https://www.cruisemapper.com/ships/Ambition-761
Ambition,761,Ambassador Cruise Line,,2026-07-24,2,2026-07-26,"Goteborg, Gothenburg, Sweden",320,goteborg-gothenburg-sweden,08:00,18:00,False,False,False,False,https://www.cruisemapper.com/ships/Ambition-761
Ambition,761,Ambassador Cruise Line,,2026-07-24,3,2026-07-27,"Copenhagen, Denmark",58,copenhagen-denmark,09:00,18:00,False,False,False,False,https://www.cruisemapper.com/ships/Ambition-761
Ambition,761,Ambassador Cruise Line,,2026-07-24,4,2026-07-28,"Warnemunde-Rostock, Germany",52,germany-rostock-warnemunde,07:00,20:00,False,False,False,False,https://www.cruisemapper.com/ships/Ambition-761
Ambition,761,Ambassador Cruise Line,,2026-07-24,5,2026-07-30,"Stockholm, Sweden",59,stockholm-sweden,08:00,17:00,False,False,False,False,https://www.cruisemapper.com/ships/Ambition-761
Ambition,761,Ambassador Cruise Line,,2026-07-24,6,2026-07-31,"Tallinn, Estonia",46,estonia-tallinn,13:00,22:00,False,False,False,False,https://www.cruisemapper.com/ships/Ambition-761
Ambition,761,Ambassador Cruise Line,,2026-07-24,7,2026-08-01,"Helsinki, Finland",49,finland-helsinki,07:00,17:00,False,False,False,False,https://www.cruisemapper.com/ships/Ambition-761
Ambition,761,Ambassador Cruise Line,,2026-07-24,8,2026-08-02,"Ventspils, Latvia",1314,latvia-ventspils,12:00,18:00,False,False,False,False,https://www.cruisemapper.com/ships/Ambition-761
Ambition,761,Ambassador Cruise Line,,2026-07-24,9,2026-08-03,"Visby, Gotland Island Sweden",263,gotland-sweden-visby,08:00,17:00,False,False,False,False,https://www.cruisemapper.com/ships/Ambition-761
Ambition,761,Ambassador Cruise Line,,2026-07-24,10,2026-08-04,"Gdynia-Gdansk, Poland",136,gdansk-gdynia-poland,09:00,17:30,False,False,False,False,https://www.cruisemapper.com/ships/Ambition-761
Ambition,761,Ambassador Cruise Line,,2026-07-24,11,2026-08-05,"Bornholm Island Denmark, Ronne-Gudhjem",268,bornholm-denmark-gudhjem-ronne,08:00,14:00,False,False,False,False,https://www.cruisemapper.com/ships/Ambition-761
Ambition,761,Ambassador Cruise Line,,2026-07-24,12,2026-08-06,"Aarhus, Denmark",48,aarhus-denmark,09:00,16:00,False,False,False,False,https://www.cruisemapper.com/ships/Ambition-761
Ambition,761,Ambassador Cruise Line,,2026-07-24,13,2026-08-08,"Dundee, Scotland",3198,dundee-scotland,09:00,,False,False,True,False,https://www.cruisemapper.com/ships/Ambition-761
Amera,742,Phoenix Reisen,,2026-07-31,1,2026-07-31,"Bremerhaven, Bremen, Germany",311,bremen-bremerhaven-germany,,18:00,False,True,False,False,https://www.cruisemapper.com/ships/Amera-742
Amera,742,Phoenix Reisen,,2026-07-31,2,2026-08-01,Kiel Canal,901,canal-kiel,,,False,False,False,False,https://www.cruisemapper.com/ships/Amera-742
Amera,742,Phoenix Reisen,,2026-07-31,3,2026-08-01,"Cuxhaven, Germany",9704,cuxhaven-germany,07:00,12:00,False,False,False,False,https://www.cruisemapper.com/ships/Amera-742
Amera,742,Phoenix Reisen,,2026-07-31,4,2026-08-03,"Klaipeda, Lithuania",135,klaipeda-lithuania,07:00,14:00,False,False,False,False,https://www.cruisemapper.com/ships/Amera-742
Amera,742,Phoenix Reisen,,2026-07-31,5,2026-08-04,"Riga, Latvia",53,latvia-riga,09:00,17:00,False,False,False,False,https://www.cruisemapper.com/ships/Amera-742
Amera,742,Phoenix Reisen,,2026-07-31,6,2026-08-05,"Tallinn, Estonia",46,estonia-tallinn,13:00,23:00,False,False,False,False,https://www.cruisemapper.com/ships/Amera-742
Amera,742,Phoenix Reisen,,2026-07-31,7,2026-08-06,"Helsinki, Finland",49,finland-helsinki,08:00,18:00,False,False,False,False,https://www.cruisemapper.com/ships/Amera-742
Amera,742,Phoenix Reisen,,2026-07-31,8,2026-08-07,"Mariehamn Aland, Finland",1064,aland-finland-mariehamn,12:00,22:00,False,False,False,False,https://www.cruisemapper.com/ships/Amera-742
Amera,742,Phoenix Reisen,,2026-07-31,9,2026-08-08,"Stockholm, Sweden",59,stockholm-sweden,09:00,18:00,False,False,False,False,https://www.cruisemapper.com/ships/Amera-742
Amera,742,Phoenix Reisen,,2026-07-31,10,2026-08-10,coastal cruising,,coastal-cruising,,,False,False,False,False,https://www.cruisemapper.com/ships/Amera-742
Amera,742,Phoenix Reisen,,2026-07-31,11,2026-08-10,"Copenhagen, Denmark",58,copenhagen-denmark,08:00,18:00,False,False,False,False,https://www.cruisemapper.com/ships/Amera-742
Amera,742,Phoenix Reisen,,2026-07-31,12,2026-08-11,"Skagen, Denmark",184,denmark-skagen,08:00,18:00,False,False,False,False,https://www.cruisemapper.com/ships/Amera-742
Amera,742,Phoenix Reisen,,2026-07-31,13,2026-08-12,coastal cruising,,coastal-cruising,,,False,False,False,False,https://www.cruisemapper.com/ships/Amera-742
Amera,742,Phoenix Reisen,,2026-07-31,14,2026-08-12,"Aarhus, Denmark",48,aarhus-denmark,08:00,18:00,False,False,False,False,https://www.cruisemapper.com/ships/Amera-742
Amera,742,Phoenix Reisen,,2026-07-31,15,2026-08-13,"Aero Island Denmark, Aeroskobing",1292,aero-aeroskobing-denmark,08:00,23:00,False,False,False,False,https://www.cruisemapper.com/ships/Amera-742
Amera,742,Phoenix Reisen,,2026-07-31,16,2026-08-14,"Kiel, Germany",45,germany-kiel,09:00,,False,False,True,False,https://www.cruisemapper.com/ships/Amera-742
American Heritage,828,American Cruise Lines,,2026-07-25,1,2026-07-25,"Pittsburgh PA, Pennsylvania",13003,pa-pennsylvania-pittsburgh,,,False,True,False,True,https://www.cruisemapper.com/ships/American-Heritage-828
American Heritage,828,American Cruise Lines,,2026-07-25,2,2026-07-25,"Pittsburgh PA, Pennsylvania",13003,pa-pennsylvania-pittsburgh,,,False,False,False,True,https://www.cruisemapper.com/ships/American-Heritage-828
American Heritage,828,American Cruise Lines,,2026-07-25,3,2026-07-26,"Wheeling WV, West Virginia",13004,virginia-west-wheeling-wv,,,False,False,False,False,https://www.cruisemapper.com/ships/American-Heritage-828
American Heritage,828,American Cruise Lines,,2026-07-25,4,2026-07-27,"Marietta OH, Ohio",13002,marietta-oh-ohio,,,False,False,False,False,https://www.cruisemapper.com/ships/American-Heritage-828
American Heritage,828,American Cruise Lines,,2026-07-25,5,2026-07-29,"Cincinnati OH, Ohio",2272,cincinnati-oh-ohio,,,False,False,False,False,https://www.cruisemapper.com/ships/American-Heritage-828
American Heritage,828,American Cruise Lines,,2026-07-25,6,2026-07-30,"Madison IN, Indiana",9489,in-indiana-madison,,,False,False,False,False,https://www.cruisemapper.com/ships/American-Heritage-828
American Heritage,828,American Cruise Lines,,2026-07-25,7,2026-07-31,"Louisville KY, Kentucky",2270,kentucky-ky-louisville,,,False,False,True,False,https://www.cruisemapper.com/ships/American-Heritage-828
American Pride,1044,American Cruise Lines,,2026-07-21,1,2026-07-21,"Portland OR, Oregon",4662,or-oregon-portland,,,False,True,False,False,https://www.cruisemapper.com/ships/American-Pride-1044
American Pride,1044,American Cruise Lines,,2026-07-21,2,2026-07-21,"Stevenson WA, Washington",9491,stevenson-wa-washington,,,False,False,False,False,https://www.cruisemapper.com/ships/American-Pride-1044
American Pride,1044,American Cruise Lines,,2026-07-21,3,2026-07-21,"Camas-Washougal WA, Washington",18468,camas-wa-washington-washougal,,,False,False,False,False,https://www.cruisemapper.com/ships/American-Pride-1044
American Pride,1044,American Cruise Lines,,2026-07-21,4,2026-07-22,"Astoria OR, Oregon",414,astoria-or-oregon,,,False,False,False,False,https://www.cruisemapper.com/ships/American-Pride-1044
American Pride,1044,American Cruise Lines,,2026-07-21,5,2026-07-23,"Kalama WA, Washington",16277,kalama-wa-washington,,,False,False,False,False,https://www.cruisemapper.com/ships/American-Pride-1044
American Pride,1044,American Cruise Lines,,2026-07-21,6,2026-07-24,"The Dalles OR, Oregon",2787,dalles-or-oregon,,,False,False,False,False,https://www.cruisemapper.com/ships/American-Pride-1044
American Pride,1044,American Cruise Lines,,2026-07-21,7,2026-07-25,"Columbia River Gorge, Washington-Oregon USA",,columbia-gorge-oregon-river-usa-washington,,,False,False,False,False,https://www.cruisemapper.com/ships/American-Pride-1044
American Pride,1044,American Cruise Lines,,2026-07-21,8,2026-07-26,"Richland WA, Washington",11998,richland-wa-washington,,,False,False,False,False,https://www.cruisemapper.com/ships/American-Pride-1044
American Pride,1044,American Cruise Lines,,2026-07-21,9,2026-07-27,"Clarkston WA, Washington, Lewiston Idaho",2281,clarkston-idaho-lewiston-wa-washington,,,False,False,True,False,https://www.cruisemapper.com/ships/American-Pride-1044
American Splendor,1203,American Cruise Lines,,2026-08-12,1,2026-08-12,"Nashville TN, Tennessee",2265,nashville-tennessee-tn,,,False,True,False,True,https://www.cruisemapper.com/ships/American-Splendor-1203
American Splendor,1203,American Cruise Lines,,2026-08-12,2,2026-08-12,"Nashville TN, Tennessee",2265,nashville-tennessee-tn,,,False,False,False,True,https://www.cruisemapper.com/ships/American-Splendor-1203
American Splendor,1203,American Cruise Lines,,2026-08-12,3,2026-08-13,"Lake Barkley USA, KY-TN",,barkley-ky-lake-tn-usa,,,False,False,False,False,https://www.cruisemapper.com/ships/American-Splendor-1203
American Splendor,1203,American Cruise Lines,,2026-08-12,4,2026-08-14,"Paducah KY, Kentucky",9480,kentucky-ky-paducah,,,False,False,False,False,https://www.cruisemapper.com/ships/American-Splendor-1203
American Splendor,1203,American Cruise Lines,,2026-08-12,5,2026-08-15,"Savannah GA, Georgia",466,ga-georgia-savannah,,,False,False,False,False,https://www.cruisemapper.com/ships/American-Splendor-1203
American Splendor,1203,American Cruise Lines,,2026-08-12,6,2026-08-16,"Florence AL, Alabama",13006,al-alabama-florence,,,False,False,False,False,https://www.cruisemapper.com/ships/American-Splendor-1203
American Splendor,1203,American Cruise Lines,,2026-08-12,7,2026-08-17,"Decatur AL, Alabama",12983,al-alabama-decatur,,,False,False,False,False,https://www.cruisemapper.com/ships/American-Splendor-1203
American Splendor,1203,American Cruise Lines,,2026-08-12,8,2026-08-18,"Chattanooga TN, Tennessee",12982,chattanooga-tennessee-tn,,,False,False,True,False,https://www.cruisemapper.com/ships/American-Splendor-1203
American West,829,American Cruise Lines,,2026-07-27,1,2026-07-27,"Portland OR, Oregon",4662,or-oregon-portland,,,False,True,False,False,https://www.cruisemapper.com/ships/American-West-829
American West,829,American Cruise Lines,,2026-07-27,2,2026-07-27,"Stevenson WA, Washington",9491,stevenson-wa-washington,,,False,False,False,False,https://www.cruisemapper.com/ships/American-West-829
American West,829,American Cruise Lines,,2026-07-27,3,2026-07-27,"Camas-Washougal WA, Washington",18468,camas-wa-washington-washougal,,,False,False,False,False,https://www.cruisemapper.com/ships/American-West-829
American West,829,American Cruise Lines,,2026-07-27,4,2026-07-28,"Astoria OR, Oregon",414,astoria-or-oregon,,,False,False,False,False,https://www.cruisemapper.com/ships/American-West-829
American West,829,American Cruise Lines,,2026-07-27,5,2026-07-29,"Kalama WA, Washington",16277,kalama-wa-washington,,,False,False,False,False,https://www.cruisemapper.com/ships/American-West-829
American West,829,American Cruise Lines,,2026-07-27,6,2026-07-30,"The Dalles OR, Oregon",2787,dalles-or-oregon,,,False,False,False,False,https://www.cruisemapper.com/ships/American-West-829
American West,829,American Cruise Lines,,2026-07-27,7,2026-07-31,"Columbia River Gorge, Washington-Oregon USA",,columbia-gorge-oregon-river-usa-washington,,,False,False,False,False,https://www.cruisemapper.com/ships/American-West-829
American West,829,American Cruise Lines,,2026-07-27,8,2026-08-01,"Richland WA, Washington",11998,richland-wa-washington,,,False,False,False,False,https://www.cruisemapper.com/ships/American-West-829
American West,829,American Cruise Lines,,2026-07-27,9,2026-08-02,"Clarkston WA, Washington, Lewiston Idaho",2281,clarkston-idaho-lewiston-wa-washington,,,False,False,True,False,https://www.cruisemapper.com/ships/American-West-829
Anne Marie barge,1045,CroisiEurope,,2026-08-06,1,2026-08-06,"Arles, France",3824,arles-france,18:00,13:00,False,True,False,False,https://www.cruisemapper.com/ships/Anne-Marie-barge-1045
Anne Marie barge,1045,CroisiEurope,,2026-08-06,2,2026-08-07,"Gallician, France",3327,france-gallician,18:30,13:00,False,False,False,False,https://www.cruisemapper.com/ships/Anne-Marie-barge-1045
Anne Marie barge,1045,CroisiEurope,,2026-08-06,3,2026-08-08,"Aigues-Mortes, France",3328,aigues-france-mortes,16:30,09:00,False,False,False,False,https://www.cruisemapper.com/ships/Anne-Marie-barge-1045
Anne Marie barge,1045,CroisiEurope,,2026-08-06,4,2026-08-10,"Villeneuve-les-Maguelone, France",19992,france-les-maguelone-villeneuve,13:30,18:00,False,False,False,False,https://www.cruisemapper.com/ships/Anne-Marie-barge-1045
Anne Marie barge,1045,CroisiEurope,,2026-08-06,5,2026-08-10,"Sete, France Riviera",143,france-riviera-sete,20:30,09:00,False,False,True,False,https://www.cruisemapper.com/ships/Anne-Marie-barge-1045
Anthem of the Seas,801,Royal Caribbean,,2026-07-27,1,2026-07-27,"Seattle, Washington",6,seattle-washington,,16:00,False,True,False,False,https://www.cruisemapper.com/ships/Anthem-of-the-Seas-801
Anthem of the Seas,801,Royal Caribbean,,2026-07-27,2,2026-07-29,"Sitka, Baranof Island Alaska",126,alaska-baranof-sitka,09:30,17:00,False,False,False,False,https://www.cruisemapper.com/ships/Anthem-of-the-Seas-801
Anthem of the Seas,801,Royal Caribbean,,2026-07-27,3,2026-07-30,"Skagway, Alaska",408,alaska-skagway,07:00,20:00,False,False,False,False,https://www.cruisemapper.com/ships/Anthem-of-the-Seas-801
Anthem of the Seas,801,Royal Caribbean,,2026-07-27,4,2026-07-31,"Endicott Arm Fjord, Alaska",1705,alaska-arm-endicott-fjord,05:00,09:30,False,False,False,False,https://www.cruisemapper.com/ships/Anthem-of-the-Seas-801
Anthem of the Seas,801,Royal Caribbean,,2026-07-27,5,2026-07-31,"Juneau, Alaska",407,alaska-juneau,13:00,20:00,False,False,False,False,https://www.cruisemapper.com/ships/Anthem-of-the-Seas-801
Anthem of the Seas,801,Royal Caribbean,,2026-07-27,6,2026-08-02,"Victoria BC, Vancouver Island Canada",3,bc-canada-vancouver-victoria,17:00,22:00,False,False,False,False,https://www.cruisemapper.com/ships/Anthem-of-the-Seas-801
Anthem of the Seas,801,Royal Caribbean,,2026-07-27,7,2026-08-03,"Seattle, Washington",6,seattle-washington,06:00,,False,False,True,False,https://www.cruisemapper.com/ships/Anthem-of-the-Seas-801
Aqua Blu,1645,Ponant Cruises,,2027-06-23,1,2027-06-23,"Benoa, Bali Indonesia",16,bali-benoa-indonesia,,,False,True,False,False,https://www.cruisemapper.com/ships/Aqua-Blu-1645
Aqua Blu,1645,Ponant Cruises,,2027-06-23,2,2027-06-27,"Moyo Island Indonesia, West Nusa Tenggara",,indonesia-moyo-nusa-tenggara-west,,,False,False,False,False,https://www.cruisemapper.com/ships/Aqua-Blu-1645
Aqua Blu,1645,Ponant Cruises,,2027-06-23,3,2027-06-28,"Sumbawa Island Indonesia, Sumbawa Besar, West Nusa Tenggara",,besar-indonesia-nusa-sumbawa-tenggara-west,,,False,False,False,False,https://www.cruisemapper.com/ships/Aqua-Blu-1645
Aqua Blu,1645,Ponant Cruises,,2027-06-23,4,2027-06-29,"Komodo Island Indonesia, East Nusa Tenggara",526,east-indonesia-komodo-nusa-tenggara,,,False,False,False,False,https://www.cruisemapper.com/ships/Aqua-Blu-1645
Aqua Blu,1645,Ponant Cruises,,2027-06-23,5,2027-07-01,"Rinca Island Indonesia, East Nusa Tenggara",,east-indonesia-nusa-rinca-tenggara,,,False,False,False,False,https://www.cruisemapper.com/ships/Aqua-Blu-1645
Aqua Blu,1645,Ponant Cruises,,2027-06-23,6,2027-07-02,"Komodo Island Indonesia, East Nusa Tenggara",526,east-indonesia-komodo-nusa-tenggara,,,False,False,False,False,https://www.cruisemapper.com/ships/Aqua-Blu-1645
Aqua Blu,1645,Ponant Cruises,,2027-06-23,7,2027-07-03,Singapore,10,singapore,,,False,False,True,False,https://www.cruisemapper.com/ships/Aqua-Blu-1645
Aqua Mekong,1591,Ponant Cruises,,2027-01-04,1,2027-01-04,"Hanoi, Vietnam",4681,hanoi-vietnam,,,False,True,False,False,https://www.cruisemapper.com/ships/Aqua-Mekong-1591
Aqua Mekong,1591,Ponant Cruises,,2027-01-04,2,2027-01-07,"Luang Prabang, Laos",4913,laos-luang-prabang,,,False,False,False,False,https://www.cruisemapper.com/ships/Aqua-Mekong-1591
Aqua Mekong,1591,Ponant Cruises,,2027-01-04,3,2027-01-11,"Siem Reap, Cambodia, Angkor Wat-Thom",3651,angkor-cambodia-reap-siem-thom-wat,,,False,False,False,False,https://www.cruisemapper.com/ships/Aqua-Mekong-1591
Aqua Mekong,1591,Ponant Cruises,,2027-01-04,4,2027-01-14,"Phnom Penh, Cambodia",3645,cambodia-penh-phnom,,,False,False,False,False,https://www.cruisemapper.com/ships/Aqua-Mekong-1591
Aqua Mekong,1591,Ponant Cruises,,2027-01-04,5,2027-01-16,"Saigon, Phu My Port-Ho Chi Minh City, Vietnam",167,chi-city-ho-minh-my-phu-saigon-vietnam,,,False,False,True,False,https://www.cruisemapper.com/ships/Aqua-Mekong-1591
Arcadia,626,P&O Cruises,,2026-08-05,1,2026-08-05,"Southampton, England",115,england-southampton,,16:00,False,True,False,False,https://www.cruisemapper.com/ships/Arcadia-626
Arcadia,626,P&O Cruises,,2026-08-05,2,2026-08-09,"Reykjavik, Iceland",545,iceland-reykjavik,08:00,17:00,False,False,False,False,https://www.cruisemapper.com/ships/Arcadia-626
Arcadia,626,P&O Cruises,,2026-08-05,3,2026-08-11,"Grundarfjordur, Iceland",1143,grundarfjordur-iceland,08:00,18:00,False,False,False,False,https://www.cruisemapper.com/ships/Arcadia-626
Arcadia,626,P&O Cruises,,2026-08-05,4,2026-08-12,"Isafjordur, Westfjords Iceland",703,iceland-isafjordur-westfjords,08:00,16:00,False,False,False,False,https://www.cruisemapper.com/ships/Arcadia-626
Arcadia,626,P&O Cruises,,2026-08-05,5,2026-08-13,"Akureyri, Iceland, Lake Myvatn",702,akureyri-iceland-lake-myvatn,08:00,17:00,False,False,False,False,https://www.cruisemapper.com/ships/Arcadia-626
Arcadia,626,P&O Cruises,,2026-08-05,6,2026-08-13,fjord cruising,,cruising-fjord,17:30,18:30,False,False,False,False,https://www.cruisemapper.com/ships/Arcadia-626
Arcadia,626,P&O Cruises,,2026-08-05,7,2026-08-13,Hrisey Island Iceland,,hrisey-iceland,18:30,19:30,False,False,False,False,https://www.cruisemapper.com/ships/Arcadia-626
Arcadia,626,P&O Cruises,,2026-08-05,8,2026-08-15,"Stornoway, Isle of Lewis and Harris, Scotland",775,and-harris-isle-lewis-scotland-stornoway,09:00,18:00,False,False,False,False,https://www.cruisemapper.com/ships/Arcadia-626
Arcadia,626,P&O Cruises,,2026-08-05,9,2026-08-17,"Greenock-Glasgow, Clydeport, Scotland",553,clydeport-glasgow-greenock-scotland,09:00,08:00,False,False,False,False,https://www.cruisemapper.com/ships/Arcadia-626
Arcadia,626,P&O Cruises,,2026-08-05,10,2026-08-19,"Cobh-Cork, Ireland",558,cobh-cork-ireland,08:00,17:00,False,False,False,False,https://www.cruisemapper.com/ships/Arcadia-626
Arcadia,626,P&O Cruises,,2026-08-05,11,2026-08-21,"Southampton, England",115,england-southampton,06:30,,False,False,True,False,https://www.cruisemapper.com/ships/Arcadia-626
Aria Amazon,861,Ponant Cruises,,2026-09-11,1,2026-09-11,"Callao-Lima, Peru",439,callao-lima-peru,,,False,True,False,True,https://www.cruisemapper.com/ships/Aria-Amazon-861
Aria Amazon,861,Ponant Cruises,,2026-09-11,2,2026-09-10,"Callao-Lima, Peru",439,callao-lima-peru,,,False,False,False,True,https://www.cruisemapper.com/ships/Aria-Amazon-861
Aria Amazon,861,Ponant Cruises,,2026-09-11,3,2026-09-11,flight,,flight,,,False,False,False,False,https://www.cruisemapper.com/ships/Aria-Amazon-861
Aria Amazon,861,Ponant Cruises,,2026-09-11,4,2026-09-11,"Iquitos, Peru Amazon",4321,amazon-iquitos-peru,,,False,False,False,False,https://www.cruisemapper.com/ships/Aria-Amazon-861
Aria Amazon,861,Ponant Cruises,,2026-09-11,5,2026-09-11,"Nauta, Peru Amazon",1724,amazon-nauta-peru,,,False,False,False,False,https://www.cruisemapper.com/ships/Aria-Amazon-861
Aria Amazon,861,Ponant Cruises,,2026-09-11,6,2026-09-18,"Iquitos, Peru Amazon",4321,amazon-iquitos-peru,,,False,False,False,False,https://www.cruisemapper.com/ships/Aria-Amazon-861
Aria Amazon,861,Ponant Cruises,,2026-09-11,7,2026-09-18,flight,,flight,,,False,False,False,False,https://www.cruisemapper.com/ships/Aria-Amazon-861
Aria Amazon,861,Ponant Cruises,,2026-09-11,8,2026-09-18,"Callao-Lima, Peru",439,callao-lima-peru,,,False,False,True,False,https://www.cruisemapper.com/ships/Aria-Amazon-861
Arosa Alea,841,Arosa Cruises,,2026-08-07,1,2026-08-07,"Cologne, Koln, Germany North Rhine-Westphalia",3975,cologne-germany-koln-north-rhine-westphalia,,17:00,False,True,False,False,https://www.cruisemapper.com/ships/Arosa-Alea-841
Arosa Alea,841,Arosa Cruises,,2026-08-07,2,2026-08-08,"Willemstad NL, Netherlands North Brabant",13020,brabant-netherlands-nl-north-willemstad,11:00,20:30,False,False,False,False,https://www.cruisemapper.com/ships/Arosa-Alea-841
Arosa Alea,841,Arosa Cruises,,2026-08-07,3,2026-08-09,"Ghent, Belgium",956,belgium-ghent,05:00,21:00,False,False,False,False,https://www.cruisemapper.com/ships/Arosa-Alea-841
Arosa Alea,841,Arosa Cruises,,2026-08-07,4,2026-08-10,"Middelburg, Netherlands Zeeland",217,middelburg-netherlands-zeeland,07:00,17:00,False,False,False,False,https://www.cruisemapper.com/ships/Arosa-Alea-841
Arosa Alea,841,Arosa Cruises,,2026-08-07,5,2026-08-11,"Brussels, Belgium",2159,belgium-brussels,08:00,22:00,False,False,False,False,https://www.cruisemapper.com/ships/Arosa-Alea-841
Arosa Alea,841,Arosa Cruises,,2026-08-07,6,2026-08-12,"Gorinchem, Netherlands South Holland",13429,gorinchem-holland-netherlands-south,13:00,23:00,False,False,False,False,https://www.cruisemapper.com/ships/Arosa-Alea-841
Arosa Alea,841,Arosa Cruises,,2026-08-07,7,2026-08-13,"Emmerich am Rhein, Germany North Rhine-Westphalia",13709,am-emmerich-germany-north-rhein-rhine-westphalia,09:00,15:00,False,False,False,False,https://www.cruisemapper.com/ships/Arosa-Alea-841
Arosa Alea,841,Arosa Cruises,,2026-08-07,8,2026-08-14,"Cologne, Koln, Germany North Rhine-Westphalia",3975,cologne-germany-koln-north-rhine-westphalia,06:00,,False,False,True,False,https://www.cruisemapper.com/ships/Arosa-Alea-841
Arosa Alva,1674,Arosa Cruises,,2026-07-22,1,2026-07-23,"Porto-Leixoes, Oporto, Portugal",3739,leixoes-oporto-porto-portugal,,07:00,False,True,False,True,https://www.cruisemapper.com/ships/Arosa-Alva-1674
Arosa Alva,1674,Arosa Cruises,,2026-07-22,2,2026-07-28,"Porto-Leixoes, Oporto, Portugal",3739,leixoes-oporto-porto-portugal,,,False,False,False,True,https://www.cruisemapper.com/ships/Arosa-Alva-1674
Arosa Alva,1674,Arosa Cruises,,2026-07-22,3,2026-07-22,"Porto-Leixoes, Oporto, Portugal",3739,leixoes-oporto-porto-portugal,,,False,False,False,True,https://www.cruisemapper.com/ships/Arosa-Alva-1674
Arosa Alva,1674,Arosa Cruises,,2026-07-22,4,2026-07-23,"Regua, Portugal, Lamego",4338,lamego-portugal-regua,13:00,14:00,False,False,False,False,https://www.cruisemapper.com/ships/Arosa-Alva-1674
Arosa Alva,1674,Arosa Cruises,,2026-07-22,5,2026-07-23,"Pinhao, Portugal, Favaios",4337,favaios-pinhao-portugal,17:00,13:00,False,False,False,False,https://www.cruisemapper.com/ships/Arosa-Alva-1674
Arosa Alva,1674,Arosa Cruises,,2026-07-22,6,2026-07-24,"Barca d'Alva, Portugal, Castelo Rodrigo",4899,alva-barca-castelo-d-portugal-rodrigo,19:00,12:00,False,False,False,False,https://www.cruisemapper.com/ships/Arosa-Alva-1674
Arosa Alva,1674,Arosa Cruises,,2026-07-22,7,2026-07-25,"Vega de Terron-Salamanca, Spain",4447,salamanca-spain-terron-vega,12:30,12:30,False,False,False,False,https://www.cruisemapper.com/ships/Arosa-Alva-1674
Arosa Alva,1674,Arosa Cruises,,2026-07-22,8,2026-07-26,"Pinhao, Portugal, Favaios",4337,favaios-pinhao-portugal,18:30,07:00,False,False,False,False,https://www.cruisemapper.com/ships/Arosa-Alva-1674
Arosa Alva,1674,Arosa Cruises,,2026-07-22,9,2026-07-27,"Regua, Portugal, Lamego",4338,lamego-portugal-regua,09:00,15:00,False,False,False,False,https://www.cruisemapper.com/ships/Arosa-Alva-1674
Arosa Alva,1674,Arosa Cruises,,2026-07-22,10,2026-07-27,"Porto-Leixoes, Oporto, Portugal",3739,leixoes-oporto-porto-portugal,,,False,False,False,True,https://www.cruisemapper.com/ships/Arosa-Alva-1674
Arosa Alva,1674,Arosa Cruises,,2026-07-22,11,2026-07-28,"Porto-Leixoes, Oporto, Portugal",3739,leixoes-oporto-porto-portugal,,,False,False,False,True,https://www.cruisemapper.com/ships/Arosa-Alva-1674
Arosa Alva,1674,Arosa Cruises,,2026-07-22,12,2026-07-29,"Porto-Leixoes, Oporto, Portugal",3739,leixoes-oporto-porto-portugal,,,False,False,True,True,https://www.cruisemapper.com/ships/Arosa-Alva-1674
Arosa Aqua,830,Arosa Cruises,,2026-09-26,1,2026-09-26,"Cologne, Koln, Germany North Rhine-Westphalia",3975,cologne-germany-koln-north-rhine-westphalia,,17:00,False,True,False,False,https://www.cruisemapper.com/ships/Arosa-Aqua-830
Arosa Aqua,830,Arosa Cruises,,2026-09-26,2,2026-09-27,"Willemstad NL, Netherlands North Brabant",13020,brabant-netherlands-nl-north-willemstad,11:00,20:30,False,False,False,False,https://www.cruisemapper.com/ships/Arosa-Aqua-830
Arosa Aqua,830,Arosa Cruises,,2026-09-26,3,2026-09-28,"Ghent, Belgium",956,belgium-ghent,05:00,21:00,False,False,False,False,https://www.cruisemapper.com/ships/Arosa-Aqua-830
Arosa Aqua,830,Arosa Cruises,,2026-09-26,4,2026-09-29,"Middelburg, Netherlands Zeeland",217,middelburg-netherlands-zeeland,07:00,17:00,False,False,False,False,https://www.cruisemapper.com/ships/Arosa-Aqua-830
Arosa Aqua,830,Arosa Cruises,,2026-09-26,5,2026-09-30,"Brussels, Belgium",2159,belgium-brussels,08:00,22:00,False,False,False,False,https://www.cruisemapper.com/ships/Arosa-Aqua-830
Arosa Aqua,830,Arosa Cruises,,2026-09-26,6,2026-10-01,"Gorinchem, Netherlands South Holland",13429,gorinchem-holland-netherlands-south,13:00,23:00,False,False,False,False,https://www.cruisemapper.com/ships/Arosa-Aqua-830
Arosa Aqua,830,Arosa Cruises,,2026-09-26,7,2026-10-02,"Emmerich am Rhein, Germany North Rhine-Westphalia",13709,am-emmerich-germany-north-rhein-rhine-westphalia,09:00,15:00,False,False,False,False,https://www.cruisemapper.com/ships/Arosa-Aqua-830
Arosa Aqua,830,Arosa Cruises,,2026-09-26,8,2026-10-03,"Cologne, Koln, Germany North Rhine-Westphalia",3975,cologne-germany-koln-north-rhine-westphalia,06:00,,False,False,True,False,https://www.cruisemapper.com/ships/Arosa-Aqua-830
Arosa Bella,831,Arosa Cruises,,2026-10-24,1,2026-10-24,"Passau, Germany Bavaria",4000,bavaria-germany-passau,,16:00,False,True,False,False,https://www.cruisemapper.com/ships/Arosa-Bella-831
Arosa Bella,831,Arosa Cruises,,2026-10-24,2,2026-10-25,"Wachau Valley, Austria",2609,austria-valley-wachau,,,False,False,False,False,https://www.cruisemapper.com/ships/Arosa-Bella-831
Arosa Bella,831,Arosa Cruises,,2026-10-24,3,2026-10-25,"Vienna, Wien, Austria",3609,austria-vienna-wien,14:00,18:30,False,False,False,False,https://www.cruisemapper.com/ships/Arosa-Bella-831
Arosa Bella,831,Arosa Cruises,,2026-10-24,4,2026-10-27,"Esztergom, Hungary",381,esztergom-hungary,08:00,10:30,False,False,False,False,https://www.cruisemapper.com/ships/Arosa-Bella-831
Arosa Bella,831,Arosa Cruises,,2026-10-24,5,2026-10-27,"Budapest, Hungary",4091,budapest-hungary,15:00,15:00,False,False,False,False,https://www.cruisemapper.com/ships/Arosa-Bella-831
Arosa Bella,831,Arosa Cruises,,2026-10-24,6,2026-10-29,"Bratislava, Slovakia",2099,bratislava-slovakia,09:00,15:30,False,False,False,False,https://www.cruisemapper.com/ships/Arosa-Bella-831
Arosa Bella,831,Arosa Cruises,,2026-10-24,7,2026-10-30,"Krems an der Donau, Austria",3606,an-austria-der-donau-krems,08:00,09:00,False,False,False,False,https://www.cruisemapper.com/ships/Arosa-Bella-831
Arosa Bella,831,Arosa Cruises,,2026-10-24,8,2026-10-30,"Melk, Austria",3607,austria-melk,12:30,13:30,False,False,False,False,https://www.cruisemapper.com/ships/Arosa-Bella-831
Arosa Bella,831,Arosa Cruises,,2026-10-24,9,2026-10-31,"Passau, Germany Bavaria",4000,bavaria-germany-passau,08:00,,False,False,True,False,https://www.cruisemapper.com/ships/Arosa-Bella-831
Arosa Brava,1183,Arosa Cruises,,2026-08-02,1,2026-08-02,"Cologne, Koln, Germany North Rhine-Westphalia",3975,cologne-germany-koln-north-rhine-westphalia,,19:00,False,True,False,False,https://www.cruisemapper.com/ships/Arosa-Brava-1183
Arosa Brava,1183,Arosa Cruises,,2026-08-02,2,2026-08-03,"Rotterdam, Netherlands South Holland",54,holland-netherlands-rotterdam-south,11:00,18:00,False,False,False,False,https://www.cruisemapper.com/ships/Arosa-Brava-1183
Arosa Brava,1183,Arosa Cruises,,2026-08-02,3,2026-08-04,"Ghent, Belgium",956,belgium-ghent,08:00,19:00,False,False,False,False,https://www.cruisemapper.com/ships/Arosa-Brava-1183
Arosa Brava,1183,Arosa Cruises,,2026-08-02,4,2026-08-05,"Antwerp, Belgium",948,antwerp-belgium,04:00,13:00,False,False,False,False,https://www.cruisemapper.com/ships/Arosa-Brava-1183
Arosa Brava,1183,Arosa Cruises,,2026-08-02,5,2026-08-07,"Nijmegen, Netherlands Gelderland",1189,gelderland-netherlands-nijmegen,04:00,05:00,False,False,False,False,https://www.cruisemapper.com/ships/Arosa-Brava-1183
Arosa Brava,1183,Arosa Cruises,,2026-08-02,6,2026-08-08,"Duisburg, Germany North Rhine-Westphalia",2328,duisburg-germany-north-rhine-westphalia,14:00,20:00,False,False,False,False,https://www.cruisemapper.com/ships/Arosa-Brava-1183
Arosa Brava,1183,Arosa Cruises,,2026-08-02,7,2026-08-09,"Cologne, Koln, Germany North Rhine-Westphalia",3975,cologne-germany-koln-north-rhine-westphalia,06:00,,False,False,True,False,https://www.cruisemapper.com/ships/Arosa-Brava-1183
Arosa Clea,844,Arosa Cruises,,2026-10-09,1,2026-10-09,"Frankfurt am Main, Germany Hesse",1194,am-frankfurt-germany-hesse-main,,21:00,False,True,False,False,https://www.cruisemapper.com/ships/Arosa-Clea-844
Arosa Clea,844,Arosa Cruises,,2026-10-09,2,2026-10-10,"Speyer, Germany Rhineland-Palatinate",4013,germany-palatinate-rhineland-speyer,11:00,21:00,False,False,False,False,https://www.cruisemapper.com/ships/Arosa-Clea-844
Arosa Clea,844,Arosa Cruises,,2026-10-09,3,2026-10-11,"Kehl-Strasbourg, Germany Baden-Wurttemberg",3920,baden-germany-kehl-strasbourg-wurttemberg,08:00,12:00,False,False,False,False,https://www.cruisemapper.com/ships/Arosa-Clea-844
Arosa Clea,844,Arosa Cruises,,2026-10-09,4,2026-10-13,"Basel, Zurich, Switzerland",4482,basel-switzerland-zurich,08:00,22:00,False,False,False,False,https://www.cruisemapper.com/ships/Arosa-Clea-844
Arosa Clea,844,Arosa Cruises,,2026-10-09,5,2026-10-14,"Breisach am Rhein, Germany Baden-Wurttemberg",3973,am-baden-breisach-germany-rhein-wurttemberg,06:00,13:00,False,False,False,False,https://www.cruisemapper.com/ships/Arosa-Clea-844
Arosa Clea,844,Arosa Cruises,,2026-10-09,6,2026-10-15,"Mainz, Germany Rhineland-Palatinate",3988,germany-mainz-palatinate-rhineland,09:00,12:00,False,False,False,False,https://www.cruisemapper.com/ships/Arosa-Clea-844
Arosa Clea,844,Arosa Cruises,,2026-10-09,7,2026-10-16,"Frankfurt am Main, Germany Hesse",1194,am-frankfurt-germany-hesse-main,,,False,False,True,False,https://www.cruisemapper.com/ships/Arosa-Clea-844
Arosa Donna,832,Arosa Cruises,,2026-10-15,1,2026-10-15,"Passau, Germany Bavaria",4000,bavaria-germany-passau,,16:00,False,True,False,False,https://www.cruisemapper.com/ships/Arosa-Donna-832
Arosa Donna,832,Arosa Cruises,,2026-10-15,2,2026-10-16,"Wachau Valley, Austria",2609,austria-valley-wachau,,,False,False,False,False,https://www.cruisemapper.com/ships/Arosa-Donna-832
Arosa Donna,832,Arosa Cruises,,2026-10-15,3,2026-10-16,"Vienna, Wien, Austria",3609,austria-vienna-wien,14:00,18:30,False,False,False,False,https://www.cruisemapper.com/ships/Arosa-Donna-832
Arosa Donna,832,Arosa Cruises,,2026-10-15,4,2026-10-18,"Esztergom, Hungary",381,esztergom-hungary,08:00,10:30,False,False,False,False,https://www.cruisemapper.com/ships/Arosa-Donna-832
Arosa Donna,832,Arosa Cruises,,2026-10-15,5,2026-10-18,"Budapest, Hungary",4091,budapest-hungary,15:00,15:00,False,False,False,False,https://www.cruisemapper.com/ships/Arosa-Donna-832
Arosa Donna,832,Arosa Cruises,,2026-10-15,6,2026-10-20,"Bratislava, Slovakia",2099,bratislava-slovakia,09:00,15:30,False,False,False,False,https://www.cruisemapper.com/ships/Arosa-Donna-832
Arosa Donna,832,Arosa Cruises,,2026-10-15,7,2026-10-21,"Krems an der Donau, Austria",3606,an-austria-der-donau-krems,08:00,09:00,False,False,False,False,https://www.cruisemapper.com/ships/Arosa-Donna-832
Arosa Donna,832,Arosa Cruises,,2026-10-15,8,2026-10-21,"Melk, Austria",3607,austria-melk,12:30,13:30,False,False,False,False,https://www.cruisemapper.com/ships/Arosa-Donna-832
Arosa Donna,832,Arosa Cruises,,2026-10-15,9,2026-10-22,"Passau, Germany Bavaria",4000,bavaria-germany-passau,08:00,,False,False,True,False,https://www.cruisemapper.com/ships/Arosa-Donna-832
Arosa Flora,833,Arosa Cruises,,2026-10-24,1,2026-10-24,"Passau, Germany Bavaria",4000,bavaria-germany-passau,,16:00,False,True,False,False,https://www.cruisemapper.com/ships/Arosa-Flora-833
Arosa Flora,833,Arosa Cruises,,2026-10-24,2,2026-10-25,"Wachau Valley, Austria",2609,austria-valley-wachau,,,False,False,False,False,https://www.cruisemapper.com/ships/Arosa-Flora-833
Arosa Flora,833,Arosa Cruises,,2026-10-24,3,2026-10-25,"Vienna, Wien, Austria",3609,austria-vienna-wien,14:00,23:59,False,False,False,False,https://www.cruisemapper.com/ships/Arosa-Flora-833
Arosa Flora,833,Arosa Cruises,,2026-10-24,4,2026-10-26,"Bratislava, Slovakia",2099,bratislava-slovakia,04:00,18:00,False,False,False,False,https://www.cruisemapper.com/ships/Arosa-Flora-833
Arosa Flora,833,Arosa Cruises,,2026-10-24,5,2026-10-27,"Wachau Valley, Austria",2609,austria-valley-wachau,,,False,False,False,False,https://www.cruisemapper.com/ships/Arosa-Flora-833
Arosa Flora,833,Arosa Cruises,,2026-10-24,6,2026-10-27,"Melk, Austria",3607,austria-melk,12:30,19:00,False,False,False,False,https://www.cruisemapper.com/ships/Arosa-Flora-833
Arosa Flora,833,Arosa Cruises,,2026-10-24,7,2026-10-28,"Linz, Austria",1202,austria-linz,05:00,19:30,False,False,False,False,https://www.cruisemapper.com/ships/Arosa-Flora-833
Arosa Flora,833,Arosa Cruises,,2026-10-24,8,2026-10-29,"Passau, Germany Bavaria",4000,bavaria-germany-passau,07:00,,False,False,True,False,https://www.cruisemapper.com/ships/Arosa-Flora-833
Arosa Luna,834,Arosa Cruises,,2026-08-09,1,2026-08-10,"Lyon, France",3880,france-lyon,,18:00,False,True,False,True,https://www.cruisemapper.com/ships/Arosa-Luna-834
Arosa Luna,834,Arosa Cruises,,2026-08-09,2,2026-08-09,"Lyon, France",3880,france-lyon,,,False,False,False,True,https://www.cruisemapper.com/ships/Arosa-Luna-834
Arosa Luna,834,Arosa Cruises,,2026-08-09,3,2026-08-10,"Lyon, France",3880,france-lyon,,,False,False,False,True,https://www.cruisemapper.com/ships/Arosa-Luna-834
Arosa Luna,834,Arosa Cruises,,2026-08-09,4,2026-08-11,"Viviers-sur-Rhone, France",3930,france-rhone-sur-viviers,10:00,20:00,False,False,False,False,https://www.cruisemapper.com/ships/Arosa-Luna-834
Arosa Luna,834,Arosa Cruises,,2026-08-09,5,2026-08-12,"Arles, France",3824,arles-france,07:00,04:00,False,False,False,False,https://www.cruisemapper.com/ships/Arosa-Luna-834
Arosa Luna,834,Arosa Cruises,,2026-08-09,6,2026-08-13,"Avignon, France",3826,avignon-france,08:00,15:00,False,False,False,False,https://www.cruisemapper.com/ships/Arosa-Luna-834
Arosa Luna,834,Arosa Cruises,,2026-08-09,7,2026-08-15,"Tournon-sur-Rhone, Tain-l'Hermitage, France",3924,france-hermitage-l-rhone-sur-tain-tournon,08:00,18:00,False,False,False,False,https://www.cruisemapper.com/ships/Arosa-Luna-834
Arosa Luna,834,Arosa Cruises,,2026-08-09,8,2026-08-16,"Lyon, France",3880,france-lyon,04:00,,False,False,True,False,https://www.cruisemapper.com/ships/Arosa-Luna-834
Arosa Mia,835,Arosa Cruises,,2026-10-22,1,2026-10-22,"Passau, Germany Bavaria",4000,bavaria-germany-passau,,16:00,False,True,False,False,https://www.cruisemapper.com/ships/Arosa-Mia-835
Arosa Mia,835,Arosa Cruises,,2026-10-22,2,2026-10-23,"Wachau Valley, Austria",2609,austria-valley-wachau,,,False,False,False,False,https://www.cruisemapper.com/ships/Arosa-Mia-835
Arosa Mia,835,Arosa Cruises,,2026-10-22,3,2026-10-23,"Vienna, Wien, Austria",3609,austria-vienna-wien,14:00,23:59,False,False,False,False,https://www.cruisemapper.com/ships/Arosa-Mia-835
Arosa Mia,835,Arosa Cruises,,2026-10-22,4,2026-10-24,"Bratislava, Slovakia",2099,bratislava-slovakia,04:00,18:00,False,False,False,False,https://www.cruisemapper.com/ships/Arosa-Mia-835
Arosa Mia,835,Arosa Cruises,,2026-10-22,5,2026-10-25,"Wachau Valley, Austria",2609,austria-valley-wachau,,,False,False,False,False,https://www.cruisemapper.com/ships/Arosa-Mia-835
Arosa Mia,835,Arosa Cruises,,2026-10-22,6,2026-10-25,"Melk, Austria",3607,austria-melk,12:30,19:00,False,False,False,False,https://www.cruisemapper.com/ships/Arosa-Mia-835
Arosa Mia,835,Arosa Cruises,,2026-10-22,7,2026-10-26,"Linz, Austria",1202,austria-linz,05:00,19:30,False,False,False,False,https://www.cruisemapper.com/ships/Arosa-Mia-835
Arosa Mia,835,Arosa Cruises,,2026-10-22,8,2026-10-27,"Passau, Germany Bavaria",4000,bavaria-germany-passau,07:00,,False,False,True,False,https://www.cruisemapper.com/ships/Arosa-Mia-835
Arosa Riva,836,Arosa Cruises,,2026-08-15,1,2026-08-15,"Passau, Germany Bavaria",4000,bavaria-germany-passau,,16:00,False,True,False,False,https://www.cruisemapper.com/ships/Arosa-Riva-836
Arosa Riva,836,Arosa Cruises,,2026-08-15,2,2026-08-16,"Wachau Valley, Austria",2609,austria-valley-wachau,,,False,False,False,False,https://www.cruisemapper.com/ships/Arosa-Riva-836
Arosa Riva,836,Arosa Cruises,,2026-08-15,3,2026-08-16,"Vienna, Wien, Austria",3609,austria-vienna-wien,14:00,18:30,False,False,False,False,https://www.cruisemapper.com/ships/Arosa-Riva-836
Arosa Riva,836,Arosa Cruises,,2026-08-15,4,2026-08-18,"Esztergom, Hungary",381,esztergom-hungary,08:00,10:30,False,False,False,False,https://www.cruisemapper.com/ships/Arosa-Riva-836
Arosa Riva,836,Arosa Cruises,,2026-08-15,5,2026-08-18,"Budapest, Hungary",4091,budapest-hungary,15:00,15:00,False,False,False,False,https://www.cruisemapper.com/ships/Arosa-Riva-836
Arosa Riva,836,Arosa Cruises,,2026-08-15,6,2026-08-20,"Bratislava, Slovakia",2099,bratislava-slovakia,09:00,15:30,False,False,False,False,https://www.cruisemapper.com/ships/Arosa-Riva-836
Arosa Riva,836,Arosa Cruises,,2026-08-15,7,2026-08-21,"Krems an der Donau, Austria",3606,an-austria-der-donau-krems,08:00,09:00,False,False,False,False,https://www.cruisemapper.com/ships/Arosa-Riva-836
Arosa Riva,836,Arosa Cruises,,2026-08-15,8,2026-08-21,"Melk, Austria",3607,austria-melk,12:30,13:30,False,False,False,False,https://www.cruisemapper.com/ships/Arosa-Riva-836
Arosa Riva,836,Arosa Cruises,,2026-08-15,9,2026-08-22,"Passau, Germany Bavaria",4000,bavaria-germany-passau,08:00,,False,False,True,False,https://www.cruisemapper.com/ships/Arosa-Riva-836
Arosa Sena,1613,Arosa Cruises,,2026-07-25,1,2026-07-25,"Cologne, Koln, Germany North Rhine-Westphalia",3975,cologne-germany-koln-north-rhine-westphalia,,17:00,False,True,False,False,https://www.cruisemapper.com/ships/Arosa-Sena-1613
Arosa Sena,1613,Arosa Cruises,,2026-07-25,2,2026-07-26,"Rotterdam, Netherlands South Holland",54,holland-netherlands-rotterdam-south,12:00,23:00,False,False,False,False,https://www.cruisemapper.com/ships/Arosa-Sena-1613
Arosa Sena,1613,Arosa Cruises,,2026-07-25,3,2026-07-27,"Lelystad, Netherlands Flevoland",2614,flevoland-lelystad-netherlands,08:00,23:00,False,False,False,False,https://www.cruisemapper.com/ships/Arosa-Sena-1613
Arosa Sena,1613,Arosa Cruises,,2026-07-25,4,2026-07-28,"Antwerp, Belgium",948,antwerp-belgium,17:00,20:00,False,False,False,False,https://www.cruisemapper.com/ships/Arosa-Sena-1613
Arosa Sena,1613,Arosa Cruises,,2026-07-25,5,2026-07-30,"Nijmegen, Netherlands Gelderland",1189,gelderland-netherlands-nijmegen,13:00,23:30,False,False,False,False,https://www.cruisemapper.com/ships/Arosa-Sena-1613
Arosa Sena,1613,Arosa Cruises,,2026-07-25,6,2026-07-31,"Dusseldorf, Germany North Rhine-Westphalia",2327,dusseldorf-germany-north-rhine-westphalia,13:00,23:00,False,False,False,False,https://www.cruisemapper.com/ships/Arosa-Sena-1613
Arosa Sena,1613,Arosa Cruises,,2026-07-25,7,2026-08-01,"Cologne, Koln, Germany North Rhine-Westphalia",3975,cologne-germany-koln-north-rhine-westphalia,06:00,,False,False,True,False,https://www.cruisemapper.com/ships/Arosa-Sena-1613
Arosa Silva,837,Arosa Cruises,,2026-10-16,1,2026-10-16,"Cologne, Koln, Germany North Rhine-Westphalia",3975,cologne-germany-koln-north-rhine-westphalia,,17:00,False,True,False,False,https://www.cruisemapper.com/ships/Arosa-Silva-837
Arosa Silva,837,Arosa Cruises,,2026-10-16,2,2026-10-17,"Treis-Karden, Germany Rhineland-Palatinate",13472,germany-karden-palatinate-rhineland-treis,10:00,16:00,False,False,False,False,https://www.cruisemapper.com/ships/Arosa-Silva-837
Arosa Silva,837,Arosa Cruises,,2026-10-16,3,2026-10-18,"Bernkastel-Kues, Germany Rhineland-Palatinate",274,bernkastel-germany-kues-palatinate-rhineland,03:00,22:00,False,False,False,False,https://www.cruisemapper.com/ships/Arosa-Silva-837
Arosa Silva,837,Arosa Cruises,,2026-10-16,4,2026-10-19,"Mehring, Germany Bavaria",13417,bavaria-germany-mehring,05:00,03:00,False,False,False,False,https://www.cruisemapper.com/ships/Arosa-Silva-837
Arosa Silva,837,Arosa Cruises,,2026-10-16,5,2026-10-20,"Traben-Trarbach, Germany Rhineland-Palatinate",336,germany-palatinate-rhineland-traben-trarbach,10:00,05:00,False,False,False,False,https://www.cruisemapper.com/ships/Arosa-Silva-837
Arosa Silva,837,Arosa Cruises,,2026-10-16,6,2026-10-21,"Cochem, Germany Rhineland-Palatinate",3974,cochem-germany-palatinate-rhineland,12:00,07:00,False,False,False,False,https://www.cruisemapper.com/ships/Arosa-Silva-837
Arosa Silva,837,Arosa Cruises,,2026-10-16,7,2026-10-22,"Koblenz, Germany Rhineland-Palatinate",3984,germany-koblenz-palatinate-rhineland,13:00,21:30,False,False,False,False,https://www.cruisemapper.com/ships/Arosa-Silva-837
Arosa Silva,837,Arosa Cruises,,2026-10-16,8,2026-10-23,"Cologne, Koln, Germany North Rhine-Westphalia",3975,cologne-germany-koln-north-rhine-westphalia,06:00,,False,False,True,False,https://www.cruisemapper.com/ships/Arosa-Silva-837
Arosa Stella,838,Arosa Cruises,,2026-07-19,1,2026-07-19,"Lyon, France",3880,france-lyon,,18:00,False,True,False,False,https://www.cruisemapper.com/ships/Arosa-Stella-838
Arosa Stella,838,Arosa Cruises,,2026-07-19,2,2026-07-20,"Viviers-sur-Rhone, France",3930,france-rhone-sur-viviers,10:00,22:00,False,False,False,False,https://www.cruisemapper.com/ships/Arosa-Stella-838
Arosa Stella,838,Arosa Cruises,,2026-07-19,3,2026-07-21,"Arles, France",3824,arles-france,08:00,05:00,False,False,False,False,https://www.cruisemapper.com/ships/Arosa-Stella-838
Arosa Stella,838,Arosa Cruises,,2026-07-19,4,2026-07-22,"Port-Saint-Louis-du-Rhone, France",2332,du-france-louis-rhone-saint,09:00,19:00,False,False,False,False,https://www.cruisemapper.com/ships/Arosa-Stella-838
Arosa Stella,838,Arosa Cruises,,2026-07-19,5,2026-07-23,"Avignon, France",3826,avignon-france,06:00,23:59,False,False,False,False,https://www.cruisemapper.com/ships/Arosa-Stella-838
Arosa Stella,838,Arosa Cruises,,2026-07-19,6,2026-07-24,"Tournon-sur-Rhone, Tain-l'Hermitage, France",3924,france-hermitage-l-rhone-sur-tain-tournon,14:00,21:00,False,False,False,False,https://www.cruisemapper.com/ships/Arosa-Stella-838
Arosa Stella,838,Arosa Cruises,,2026-07-19,7,2026-07-25,"Lyon, France",3880,france-lyon,,,False,False,False,True,https://www.cruisemapper.com/ships/Arosa-Stella-838
Arosa Stella,838,Arosa Cruises,,2026-07-19,8,2026-07-26,"Lyon, France",3880,france-lyon,,,False,False,True,True,https://www.cruisemapper.com/ships/Arosa-Stella-838
Arosa Viva,839,Arosa Cruises,,2026-07-23,1,2026-07-23,"Le Pecq, Saint-Germain-en-Laye, France",11806,en-france-germain-laye-pecq-saint,,21:00,False,True,False,False,https://www.cruisemapper.com/ships/Arosa-Viva-839
Arosa Viva,839,Arosa Cruises,,2026-07-23,2,2026-07-24,"Rouen, France",3937,france-rouen,14:00,20:00,False,False,False,False,https://www.cruisemapper.com/ships/Arosa-Viva-839
Arosa Viva,839,Arosa Cruises,,2026-07-23,3,2026-07-26,"Rives-en-Seine, France, Caudebec-en-Caux",4896,caudebec-caux-en-france-rives-seine,00:30,22:00,False,False,False,False,https://www.cruisemapper.com/ships/Arosa-Viva-839
Arosa Viva,839,Arosa Cruises,,2026-07-23,4,2026-07-27,"Les Andelys, France",3872,andelys-france-les,08:00,12:00,False,False,False,False,https://www.cruisemapper.com/ships/Arosa-Viva-839
Arosa Viva,839,Arosa Cruises,,2026-07-23,5,2026-07-27,"Vernon, France",3928,france-vernon,14:30,08:00,False,False,False,False,https://www.cruisemapper.com/ships/Arosa-Viva-839
Arosa Viva,839,Arosa Cruises,,2026-07-23,6,2026-07-28,"Mantes-la-Jolie, France",3895,france-jolie-mantes,11:00,10:00,False,False,False,False,https://www.cruisemapper.com/ships/Arosa-Viva-839
Arosa Viva,839,Arosa Cruises,,2026-07-23,7,2026-07-29,"Le Pecq, Saint-Germain-en-Laye, France",11806,en-france-germain-laye-pecq-saint,,,False,False,False,True,https://www.cruisemapper.com/ships/Arosa-Viva-839
Arosa Viva,839,Arosa Cruises,,2026-07-23,8,2026-07-30,"Le Pecq, Saint-Germain-en-Laye, France",11806,en-france-germain-laye-pecq-saint,,,False,False,True,True,https://www.cruisemapper.com/ships/Arosa-Viva-839
Aroya Manara,1241,Aroya Cruises Saudi,,2026-07-25,1,2026-07-25,"Istanbul, Turkey, Galataport",71,galataport-istanbul-turkey,,22:00,False,True,False,False,https://www.cruisemapper.com/ships/Aroya-Manara-1241
Aroya Manara,1241,Aroya Cruises Saudi,,2026-07-25,2,2026-07-27,"Marmaris, Turkey",223,marmaris-turkey,08:00,20:00,False,False,False,False,https://www.cruisemapper.com/ships/Aroya-Manara-1241
Aroya Manara,1241,Aroya Cruises Saudi,,2026-07-25,3,2026-07-28,"Bodrum, Turkey",250,bodrum-turkey,08:00,20:00,False,False,False,False,https://www.cruisemapper.com/ships/Aroya-Manara-1241
Aroya Manara,1241,Aroya Cruises Saudi,,2026-07-25,4,2026-07-29,"Kas, Turkey",4503,kas-turkey,08:00,16:00,False,False,False,False,https://www.cruisemapper.com/ships/Aroya-Manara-1241
Aroya Manara,1241,Aroya Cruises Saudi,,2026-07-25,5,2026-07-30,"Alexandria, Egypt, Cairo",622,alexandria-cairo-egypt,08:00,17:00,False,False,False,False,https://www.cruisemapper.com/ships/Aroya-Manara-1241
Aroya Manara,1241,Aroya Cruises Saudi,,2026-07-25,6,2026-08-01,"Istanbul, Turkey, Galataport",71,galataport-istanbul-turkey,08:00,,False,False,True,False,https://www.cruisemapper.com/ships/Aroya-Manara-1241
Artania,554,Phoenix Reisen,,2026-07-11,1,2026-07-11,"Bremerhaven, Bremen, Germany",311,bremen-bremerhaven-germany,,18:00,False,True,False,False,https://www.cruisemapper.com/ships/Artania-554
Artania,554,Phoenix Reisen,,2026-07-11,2,2026-07-15,"Tromso, Norway",151,norway-tromso,08:00,18:00,False,False,False,False,https://www.cruisemapper.com/ships/Artania-554
Artania,554,Phoenix Reisen,,2026-07-11,3,2026-07-16,"Norwegian fjords cruising, Norway",,cruising-fjords-norway-norwegian,,,False,False,False,False,https://www.cruisemapper.com/ships/Artania-554
Artania,554,Phoenix Reisen,,2026-07-11,4,2026-07-16,"Nordkapp-North Cape, Mageroya Island Norway",952,cape-mageroya-nordkapp-north-norway,,,False,False,False,False,https://www.cruisemapper.com/ships/Artania-554
Artania,554,Phoenix Reisen,,2026-07-11,5,2026-07-16,"Honningsvag, Mageroya Island Norway",203,honningsvag-mageroya-norway,10:00,19:00,False,False,False,False,https://www.cruisemapper.com/ships/Artania-554
Artania,554,Phoenix Reisen,,2026-07-11,6,2026-07-18,coastal cruising,,coastal-cruising,,,False,False,False,False,https://www.cruisemapper.com/ships/Artania-554
Artania,554,Phoenix Reisen,,2026-07-11,7,2026-07-19,"Longyearbyen, Spitsbergen, Svalbard Norway",897,longyearbyen-norway-spitsbergen-svalbard,,,False,False,False,False,https://www.cruisemapper.com/ships/Artania-554
Artania,554,Phoenix Reisen,,2026-07-11,8,2026-07-21,"Leknes-Gravdal, Vestvagoy Island Lofoten Norway",1140,gravdal-leknes-lofoten-norway-vestvagoy,12:00,20:00,False,False,False,False,https://www.cruisemapper.com/ships/Artania-554
Artania,554,Phoenix Reisen,,2026-07-11,9,2026-07-22,"Bronnoysund, Norway",191,bronnoysund-norway,10:00,17:00,False,False,False,False,https://www.cruisemapper.com/ships/Artania-554
Artania,554,Phoenix Reisen,,2026-07-11,10,2026-07-23,"Norwegian fjords cruising, Norway",,cruising-fjords-norway-norwegian,,,False,False,False,False,https://www.cruisemapper.com/ships/Artania-554
Artania,554,Phoenix Reisen,,2026-07-11,11,2026-07-23,"Trondheim, Norway",189,norway-trondheim,08:00,13:00,False,False,False,False,https://www.cruisemapper.com/ships/Artania-554
Artania,554,Phoenix Reisen,,2026-07-11,12,2026-07-24,"Geiranger, Norway",547,geiranger-norway,07:00,13:00,False,False,False,False,https://www.cruisemapper.com/ships/Artania-554
Artania,554,Phoenix Reisen,,2026-07-11,13,2026-07-25,"Norwegian fjords cruising, Norway",,cruising-fjords-norway-norwegian,,,False,False,False,False,https://www.cruisemapper.com/ships/Artania-554
Artania,554,Phoenix Reisen,,2026-07-11,14,2026-07-25,"Flam, Norway",1361,flam-norway,08:00,15:00,False,False,False,False,https://www.cruisemapper.com/ships/Artania-554
Artania,554,Phoenix Reisen,,2026-07-11,15,2026-07-27,"Bremerhaven, Bremen, Germany",311,bremen-bremerhaven-germany,09:00,,False,False,True,False,https://www.cruisemapper.com/ships/Artania-554
Arvia,2158,P&O Cruises,,2026-07-19,1,2026-07-19,"Southampton, England",115,england-southampton,,17:00,False,True,False,False,https://www.cruisemapper.com/ships/Arvia-2158
Arvia,2158,P&O Cruises,,2026-07-19,2,2026-07-21,"Bilbao-Getxo, Spain Biscay Basque Country",697,basque-bilbao-biscay-country-getxo-spain,08:00,17:00,False,False,False,False,https://www.cruisemapper.com/ships/Arvia-2158
Arvia,2158,P&O Cruises,,2026-07-19,3,2026-07-22,"La Coruna, Spain Galicia",564,coruna-galicia-spain,09:00,18:00,False,False,False,False,https://www.cruisemapper.com/ships/Arvia-2158
Arvia,2158,P&O Cruises,,2026-07-19,4,2026-07-23,"Vigo, Spain Galicia",745,galicia-spain-vigo,07:00,16:00,False,False,False,False,https://www.cruisemapper.com/ships/Arvia-2158
Arvia,2158,P&O Cruises,,2026-07-19,5,2026-07-25,"Cherbourg, France",924,cherbourg-france,08:00,19:00,False,False,False,False,https://www.cruisemapper.com/ships/Arvia-2158
Arvia,2158,P&O Cruises,,2026-07-19,6,2026-07-26,"Southampton, England",115,england-southampton,06:00,,False,False,True,False,https://www.cruisemapper.com/ships/Arvia-2158
Astoria Grande,657,Small Cruise Lines,,2021-06-23,1,2021-10-08,"Heraklion, Crete, Greece",,crete-greece-heraklion,,22:00,False,True,False,False,https://www.cruisemapper.com/ships/Astoria-Grande-657
Astoria Grande,657,Small Cruise Lines,,2021-06-23,2,2021-10-10,"Haifa, Israel",,haifa-israel,06:00,22:00,False,False,False,False,https://www.cruisemapper.com/ships/Astoria-Grande-657
Astoria Grande,657,Small Cruise Lines,,2021-06-23,3,2021-10-11,Suez Canal,621,canal-suez,22:50,15:00,False,False,False,False,https://www.cruisemapper.com/ships/Astoria-Grande-657
Astoria Grande,657,Small Cruise Lines,,2021-06-23,4,2021-10-13,"Aqaba-Petra, Jordan",,aqaba-jordan-petra,09:00,20:00,False,False,False,False,https://www.cruisemapper.com/ships/Astoria-Grande-657
Astoria Grande,657,Small Cruise Lines,,2021-06-23,5,2021-10-18,"Salalah, Oman",,oman-salalah,07:00,18:00,False,False,False,False,https://www.cruisemapper.com/ships/Astoria-Grande-657
Astoria Grande,657,Small Cruise Lines,,2021-06-23,6,2021-10-20,"Muscat, Oman",,muscat-oman,08:00,18:00,False,False,False,False,https://www.cruisemapper.com/ships/Astoria-Grande-657
Astoria Grande,657,Small Cruise Lines,,2021-06-23,7,2021-10-21,"Khasab-Musandam, Oman",,khasab-musandam-oman,10:00,19:30,False,False,False,False,https://www.cruisemapper.com/ships/Astoria-Grande-657
Astoria Grande,657,Small Cruise Lines,,2021-06-23,8,2021-10-23,"Dubai, UAE",,dubai-uae,,,False,False,True,False,https://www.cruisemapper.com/ships/Astoria-Grande-657
